session_id,label,split,phase,web_request_count,web_unique_url_count,web_unique_path_count,web_GET_count,web_POST_count,web_other_method_count,web_GET_ratio,web_POST_ratio,web_method_diversity,web_HTTP_2xx_count,web_HTTP_3xx_count,web_HTTP_4xx_count,web_HTTP_5xx_count,web_error_rate,web_session_duration_s,web_inter_request_mean,web_inter_request_median,web_inter_request_std,web_inter_request_min,web_inter_request_max,web_request_rate,web_burstiness,web_inter_request_cv,web_short_gap_count,web_short_gap_ratio,web_zero_gap_ratio,web_long_pause_count,web_peak_requests_per_s,web_unique_referrer_count,web_referrer_missing_ratio,web_repeated_url_ratio,web_endpoint_diversity,web_url_max_repeat_ratio,web_url_entropy,web_static_ratio,web_dynamic_ratio,web_favicon_ratio,web_page_request_count,web_unique_page_count,web_page_dwell_mean,web_page_dwell_median,web_page_dwell_std,web_page_dwell_min,web_page_dwell_max,web_bytes_mean,web_bytes_std,ua_length,ua_missing,ua_distinct_count,ua_is_chrome,ua_is_firefox,ua_is_edge,ua_is_opera,ua_is_safari_only,ua_os_windows,ua_os_linux,ua_os_mac,ua_os_android,ua_has_mozilla_token,ua_http10_ratio,mouse_move_count,mouse_left_click_count,mouse_right_click_count,mouse_middle_click_count,mouse_event_count,mouse_click_ratio,mouse_move_ratio,mouse_duration_s,mouse_move_rate,mouse_trajectory_distance,mouse_displacement,mouse_path_efficiency,mouse_speed_mean,mouse_speed_median,mouse_speed_std,mouse_speed_max,mouse_speed_p95,mouse_acc_mean_abs,mouse_acc_std,mouse_acc_max_abs,mouse_dt_mean,mouse_dt_std,mouse_dt_cv,mouse_dt_unique_ratio,mouse_pause_count,mouse_pause_ratio,mouse_long_pause_count,mouse_pause_mean,mouse_pause_median,mouse_pause_std,mouse_x_var,mouse_y_var,mouse_x_range,mouse_y_range,mouse_step_mean,mouse_step_std,mouse_zero_step_ratio,mouse_jump_count,mouse_const_step_ratio,mouse_dirchange_count,mouse_dirchange_ratio,mouse_turn_abs_mean,mouse_turn_std
dr09rk5eagjuu87gedvdqmq3gl,human,train,1,184,17,17,41,143,0,0.22282608695652173,0.7771739130434783,2,184,0,0,0,0.0,253.0,1.3825136612021858,2.0,0.8908277102651293,0.0,2.0,0.7272727272727273,-0.21628337789836669,0.644353640231299,62,0.33879781420765026,0.2786885245901639,0,7,8,0.0,0.907608695652174,0.09239130434782608,0.717391304347826,0.23647663589938075,0.16304347826086957,0.8369565217391304,0.06521739130434782,11,7,23.6,23.5,10.660206376989144,8.0,47.0,831.1521739130435,1587.6566641956438,133,0,1,1,0,0,0,0,0,1,0,0,1,0.0,8332.0,11.0,0.0,0.0,8343.0,0.0013184705741340046,0.998681529425866,247.659,33.64303336442447,49574.169322806774,223.0807028857494,0.004499938293128803,0.3513395695671049,0.18976585660336784,0.6099316603869042,30.64718584144391,1.125,0.007487741583822543,0.03675276270453997,3.048051917477724,29.727403673028448,113.32071918215063,3.8119951687865044,0.030608570399711918,140.0,0.016804705317488896,8.0,630.2142857142857,432.5,620.1797756148072,102169.00192380758,11800.637489732395,1405.0,658.0,5.950566477350471,11.503495368792093,0.0,1.0,0.23721488595438175,795.0,0.09543817527010805,0.16756434481091925,0.4216985818603352
gq715ms79515gcq39vf91mli6t,human,train,1,309,18,18,50,259,0,0.16181229773462782,0.8381877022653722,2,309,0,0,0,0.0,225.0,0.7305194805194806,1.0,0.7039616948402289,0.0,2.0,1.3733333333333333,-0.018513861412361932,0.9636453422701798,262,0.8506493506493507,0.41883116883116883,0,10,10,0.0,0.941747572815534,0.05825242718446602,0.8122977346278317,0.16603019879718242,0.1262135922330097,0.8737864077669903,0.038834951456310676,11,9,21.3,16.5,20.731859540330674,2.0,77.0,583.7831715210356,478.0983043100197,133,0,1,1,0,0,0,0,0,1,0,0,1,0.0,6025.0,7.0,4.0,0.0,6036.0,0.0018223989396951624,0.9981776010603048,221.275,27.228561744435655,44201.01794084732,476.6686480145301,0.010784110190684728,0.4175898457919577,0.1875,0.6655070821066571,10.25,1.5625,0.009124379072505386,0.0245543764252979,0.65,36.73223771580345,159.90197087200312,4.353178047827124,0.04399070385126162,135.0,0.022410358565737053,11.0,745.5703703703704,448.0,783.0787817208078,126642.52481999966,10428.627889079045,1450.0,664.0,7.337486377962702,16.22704033833415,0.0,6.0,0.21384692013946538,809.0,0.13431844595716422,0.21084110457683636,0.47524204830655015
hrbko2t4t14q3pahqltndlolb5,human,train,1,222,19,19,44,178,0,0.1981981981981982,0.8018018018018018,2,222,0,0,0,0.0,304.0,1.3755656108597285,2.0,0.881761026661223,0.0,2.0,0.7302631578947368,-0.21875637136006737,0.6410170621451654,78,0.35294117647058826,0.27149321266968324,0,7,11,0.0,0.9144144144144144,0.08558558558558559,0.7207207207207207,0.21987898108821324,0.12162162162162163,0.8783783783783784,0.08108108108108109,17,10,17.5625,15.5,10.043460247842871,1.0,38.0,651.9459459459459,668.300801317882,133,0,1,1,0,0,0,0,0,1,0,0,1,0.0,8620.0,18.0,0.0,0.0,8638.0,0.002083815698078259,0.9979161843019217,302.013,28.54181773632261,53076.27908171758,302.5524747874325,0.005700333181261917,0.36372548994375625,0.1875,0.6293659501787262,16.492422502470642,1.222793016902425,0.008470283440188676,0.03275942921210889,1.561015647014221,35.04037591367908,136.73488174555447,3.9022093279591745,0.03770739064856712,192.0,0.022276366167768884,14.0,668.5989583333334,432.0,643.5716424433632,116070.42671330365,16216.037456341748,1417.0,670.0,6.1580553523282955,10.974468231080794,0.0,3.0,0.21640751914597353,1189.0,0.1379670457182641,0.21732488544936612,0.46863169146420086
nvmlnfhs5v6hehsd81e9mf75cn,human,train,1,199,18,18,39,160,0,0.19597989949748743,0.8040201005025126,2,199,0,0,0,0.0,298.0,1.505050505050505,2.0,1.0286181509576537,0.0,9.0,0.6677852348993288,-0.18804051309672007,0.6834442747973672,57,0.2878787878787879,0.25252525252525254,0,8,10,0.0,0.9095477386934674,0.09045226130653267,0.7537688442211056,0.21689769544383591,0.1407035175879397,0.8592964824120604,0.06030150753768844,11,9,29.0,24.5,23.723406163533937,5.0,81.0,685.2663316582915,791.2467323022607,133,0,1,1,0,0,0,0,0,1,0,0,1,0.0,9763.0,10.0,0.0,0.0,9773.0,0.0010232272587741738,0.9989767727412259,295.164,33.076526947730756,74802.67082931718,442.19113514406865,0.005911435116441885,0.4805985438147252,0.24303129036674392,1.6944056325449053,141.0,1.5838720020983834,0.015358388447087375,0.41293384791475746,39.952380952380956,30.236017209588198,152.3070680046808,5.037272830906526,0.03011677934849416,169.0,0.0173120262241344,8.0,639.2011834319527,403.0,973.9743297583285,139652.06299930078,7462.667386012965,1468.0,633.0,7.662637864097232,12.321751937198352,0.0,3.0,0.20356520848273743,921.0,0.09435508656899907,0.1654507289203085,0.4035881266621178
brrlh9tmiodt2ekkjvn7kcsps0,human,train,1,166,16,16,27,139,0,0.16265060240963855,0.8373493975903614,2,166,0,0,0,0.0,254.0,1.5393939393939393,2.0,0.82017714048945,0.0,2.0,0.6535433070866141,-0.3048082785198542,0.5327922369321231,41,0.24848484848484848,0.21212121212121213,0,7,7,0.0,0.9036144578313253,0.0963855421686747,0.7891566265060241,0.1940720029149604,0.1144578313253012,0.8855421686746988,0.05421686746987952,8,6,34.0,34.0,20.304819976688155,3.0,68.0,808.6385542168674,2591.061168284277,133,0,1,1,0,0,0,0,0,1,0,0,1,0.0,9057.0,8.0,0.0,0.0,9065.0,0.000882515168229454,0.9991174848317705,250.262,36.19007280370172,75154.49038918252,440.8446438372593,0.005865845694041363,0.5070430298124385,0.24325212770525997,1.7671803626435796,147.503389791557,1.6875,0.012719373569602033,0.17462755960353182,16.250376643506332,27.63493816254417,79.92811278864136,2.892284843140134,0.031139575971731448,160.0,0.0176678445229682,3.0,484.86875,378.5,367.4041562413761,151491.18599847233,8872.80679821901,1458.0,709.0,8.298861571243654,17.41120610511411,0.0,6.0,0.18774157923799006,856.0,0.09453340695748205,0.17935366482021128,0.4404721749344405
s74076j0vtua7ct0fkej7ehmt8,human,train,1,193,15,15,25,168,0,0.12953367875647667,0.8704663212435233,2,193,0,0,0,0.0,309.0,1.609375,2.0,0.7695477737227667,0.0,2.0,0.6245954692556634,-0.3530283687868484,0.47816560697336963,41,0.21354166666666666,0.17708333333333334,0,7,7,0.0,0.9222797927461139,0.07772020725388601,0.8238341968911918,0.15975244828464127,0.08290155440414508,0.917098445595855,0.05181347150259067,9,6,37.625,28.5,28.744292911811208,8.0,100.0,597.4611398963731,599.5994861794662,133,0,1,1,0,0,0,0,0,1,0,0,1,0.0,10327.0,9.0,0.0,0.0,10336.0,0.0008707430340557275,0.9991292569659442,307.18,33.6187251774204,98156.66398049862,680.9419945927847,0.006937297652333331,0.5722032732573419,0.29411764705882354,1.0305908749916042,32.648937578426654,2.1282306580614,0.01237589098984035,0.06345031541320989,4.426038701679998,29.748208405965524,110.07753124122048,3.700307922380502,0.030602362967267094,193.0,0.018690683711020725,5.0,568.9740932642487,393.0,583.2610435514239,141589.57988926244,18337.14840900857,1479.0,703.0,9.505778034136997,16.152648435615845,0.0,3.0,0.1886682808716707,1021.0,0.09888619854721549,0.1706332914473695,0.425968350593357
9ucesp41db4848uq9h8of7fcgd,human,train,1,116,14,14,31,85,0,0.2672413793103448,0.7327586206896551,2,116,0,0,0,0.0,148.0,1.2869565217391303,2.0,0.9018359765192469,0.0,2.0,0.7837837837837838,-0.1759511445357767,0.7007509277007662,47,0.40869565217391307,0.30434782608695654,0,6,6,0.0,0.8793103448275862,0.1206896551724138,0.6551724137931034,0.2861925720434436,0.1896551724137931,0.8103448275862069,0.08620689655172414,9,5,17.25,13.5,10.62720565341614,8.0,41.0,662.7413793103449,609.3156013765413,133,0,1,1,0,0,0,0,0,1,0,0,1,0.0,5418.0,9.0,0.0,0.0,5427.0,0.001658374792703151,0.9983416252072969,146.739,36.92269948684399,49823.947914617354,419.1479452412954,0.00841257994969776,0.5366058634677571,0.25,0.8782890269795575,10.133333333333333,1.7647058823529411,0.011109971592074183,0.030393259664734,0.9143433789599844,27.08860993169651,77.87405928611763,2.8747897910773497,0.03913605316595902,94.0,0.017352778290566733,2.0,469.1063829787234,347.5,371.150524837184,120096.1916562731,11857.935825422852,1425.0,545.0,9.197701294926594,20.688764106719812,0.0,3.0,0.17374446085672082,595.0,0.10985967503692762,0.19371905696715305,0.46186526800583394
k5pg7u2907cb9nk61dd8i15fm2,human,train,1,257,17,17,42,215,0,0.16342412451361868,0.8365758754863813,2,257,0,0,0,0.0,182.0,0.7109375,0.0,0.816359523184332,0.0,2.0,1.4120879120879122,0.0690252266481426,1.1482859227208186,197,0.76953125,0.51953125,0,9,9,0.0,0.933852140077821,0.06614785992217899,0.8015564202334631,0.17628806517541312,0.12062256809338522,0.8793774319066148,0.04669260700389105,11,8,16.6,17.5,8.957678270623477,2.0,31.0,598.7392996108949,560.6892420929183,133,0,1,1,0,0,0,0,0,1,0,0,1,0.0,6295.0,9.0,2.0,0.0,6306.0,0.0017443704408499842,0.99825562955915,181.16,34.74828880547582,53895.42864207738,147.31259280862582,0.002733304039326548,0.5057310819980737,0.2795084971874737,0.7980971192432198,23.0,1.588235294117647,0.01117096946617562,0.04703409402963178,2.309941520467836,28.78296790594217,116.20548563911028,4.037300323540296,0.03527168732125834,99.0,0.01572926596758818,6.0,632.6161616161617,329.0,689.3270573987609,119321.12332167252,11995.31666800624,1553.0,653.0,8.562985167155604,15.542479710706951,0.0,3.0,0.18163038296519943,631.0,0.10027014142698236,0.17791800353544818,0.43068254851683135
ajpjcn74cv2ta0boepifbre3pe,human,train,1,173,18,18,46,127,0,0.2658959537572254,0.7341040462427746,2,173,0,0,0,0.0,200.0,1.1627906976744187,2.0,0.9321201778526083,0.0,2.0,0.865,-0.11010994430194053,0.801623352953243,81,0.47093023255813954,0.36627906976744184,0,10,9,0.0,0.8959537572254335,0.10404624277456648,0.6589595375722543,0.2809946734084257,0.18497109826589594,0.815028901734104,0.08670520231213873,14,8,14.692307692307692,13.0,10.92903412851513,5.0,44.0,911.2716763005781,1534.8663179747152,133,0,1,1,0,0,0,0,0,1,0,0,1,0.0,7971.0,13.0,1.0,0.0,7985.0,0.0017532874139010645,0.998246712586099,198.892,40.07702672807353,74560.4345016464,103.96634070698074,0.0013943902205221861,0.5613780540139666,0.2777777777777778,1.3083015477413158,84.50201345398686,1.8702994063224092,0.012861072228144236,0.08143131227989109,5.97782238957049,24.95508155583438,68.23505385470288,2.73431500121665,0.028230865746549563,102.0,0.012797992471769134,0.0,477.0882352941176,331.0,376.07297745437074,130458.1160968327,11498.51748364386,1499.0,720.0,9.355136072979473,19.76292356920114,0.0,5.0,0.17354749654912788,795.0,0.09976157610741623,0.1820992129507152,0.444909504141438
8h83euesdq85f0shmjm34alpln,human,train,1,224,19,19,42,182,0,0.1875,0.8125,2,224,0,0,0,0.0,325.0,1.4573991031390134,2.0,0.8816649849287539,0.0,3.0,0.6892307692307692,-0.24613866766081502,0.6049578204280373,68,0.30493273542600896,0.25112107623318386,0,7,10,0.0,0.9151785714285714,0.08482142857142858,0.75,0.20857575325159913,0.125,0.875,0.06696428571428571,14,9,22.615384615384617,18.0,16.335607457511863,5.0,56.0,954.5714285714286,3009.045911658609,133,0,1,1,0,0,0,0,0,1,0,0,1,0.0,11819.0,14.0,0.0,0.0,11833.0,0.0011831319192089917,0.998816868080791,325.101,36.35485587555867,116161.50628205373,209.46837470128995,0.0018032511922897781,0.5902011672710904,0.2777777777777778,1.0365303383558868,29.274562336608895,2.0875809815905093,0.0132568600244466,0.04765059994388356,3.246193200799681,27.50896936875952,105.55870566154893,3.8372468356239606,0.025300389236757488,180.0,0.01523100355390083,7.0,562.5055555555556,363.0,653.7668501947619,144942.33077354016,9072.277292530356,1565.0,704.0,9.829201750046854,17.373267920679933,0.0,7.0,0.18312600490818312,1063.0,0.08995514936108996,0.1688333474438407,0.4233704550914949
p9rb949jj3aci28mne75opl41i,human,train,1,158,17,17,35,123,0,0.22151898734177214,0.7784810126582279,2,158,0,0,0,0.0,210.0,1.3375796178343948,2.0,0.8997815738298243,0.0,2.0,0.7523809523809524,-0.1956760694856438,0.672693843291821,58,0.36942675159235666,0.2929936305732484,0,7,9,0.0,0.8924050632911392,0.10759493670886076,0.6962025316455697,0.2505459197266124,0.13924050632911392,0.8607594936708861,0.08860759493670886,13,8,16.083333333333332,12.0,10.234405481294727,1.0,38.0,655.126582278481,638.9969863261397,133,0,1,1,0,0,0,0,0,1,0,0,1,0.0,7554.0,13.0,0.0,0.0,7567.0,0.0017179859918065284,0.9982820140081935,209.571,36.0450634868374,82822.03648450007,442.36636400160444,0.005341167432949951,0.6742231246745517,0.3429971702850177,1.3561330954252484,51.0098029794274,2.301190718192333,0.0168815416439311,0.13693490947419695,10.139465752007714,27.74672315636171,91.2357912897114,3.2881645438118356,0.03270223752151463,120.0,0.015887726731100223,2.0,561.5166666666667,399.0,470.1464839695059,162752.57412623285,13002.811378812117,1506.0,661.0,10.965449024824583,17.60720480094902,0.0,3.0,0.1640625,680.0,0.09004237288135593,0.16352179010063728,0.4318898744831866
hujnm9166tof0hmoeid55a996n,human,train,1,187,16,16,27,160,0,0.1443850267379679,0.8556149732620321,2,187,0,0,0,0.0,294.0,1.5806451612903225,2.0,0.7872994627090529,0.0,2.0,0.6360544217687075,-0.3350355791856891,0.4980874151832784,43,0.23118279569892472,0.1881720430107527,0,7,8,0.0,0.9144385026737968,0.0855614973262032,0.8074866310160428,0.1755629922774687,0.0962566844919786,0.9037433155080214,0.053475935828877004,9,7,36.0,37.5,23.157072353818823,5.0,79.0,624.144385026738,676.0747083263252,133,0,1,1,0,0,0,0,0,1,0,0,1,0.0,10985.0,9.0,0.0,0.0,10994.0,0.0008186283427323995,0.9991813716572676,292.759,37.52233065422412,105600.19648771617,234.5655558687166,0.0022212606005520283,0.576894900843676,0.29411764705882354,1.1248079192207132,57.29310604252487,1.8823529411764706,0.012624825924243317,0.09366985677915994,8.089491339408315,26.65322286962855,87.52501989906227,3.2838437710584474,0.02649308084486526,176.0,0.016023306627822288,4.0,508.01704545454544,382.0,481.3409592249908,160911.1505424308,7431.364206588659,1483.0,437.0,9.614001865232717,17.694452166498955,0.0,6.0,0.17372302649549304,991.0,0.09023035600473459,0.16412345689947905,0.4078241402449427
t1eo5hqdtq21m7t0gulu2henl0,human,train,1,177,18,18,42,135,0,0.23728813559322035,0.7627118644067796,2,177,0,0,0,0.0,234.0,1.3295454545454546,2.0,0.9073136035608701,0.0,2.0,0.7564102564102564,-0.18876104395331758,0.6824239069517655,65,0.3693181818181818,0.30113636363636365,0,6,9,0.0,0.8983050847457628,0.1016949152542373,0.6892655367231638,0.2548162802401375,0.1638418079096045,0.8361581920903955,0.07909604519774012,13,8,18.416666666666668,19.5,9.196542224602076,5.0,36.0,788.7118644067797,1324.678569486993,133,0,1,1,0,0,0,0,0,1,0,0,1,0.0,8252.0,13.0,0.0,0.0,8265.0,0.001572897761645493,0.9984271022383545,232.357,35.51431633219572,80880.83223945904,394.6770831958704,0.004879735683571772,0.6144644109542977,0.29411764705882354,3.0748595109772556,262.75297334188247,1.9375,0.014860981380350687,0.18252014060190871,15.403116078934264,28.161071385286633,96.05025533358032,3.410745778080158,0.03296570112713611,141.0,0.017088837716640406,2.0,501.70212765957444,357.0,543.6352910838158,135813.6587263676,12781.968556206,1482.0,573.0,9.802549053382503,19.659079774624665,0.00012119743061447097,6.0,0.16945454545454544,979.0,0.11868105224875743,0.1992972098065897,0.466021638876649
ufaj0lbcmqa0l022l9jan5n87l,human,train,1,187,20,20,42,145,0,0.22459893048128343,0.7754010695187166,2,187,0,0,0,0.0,242.0,1.3010752688172043,2.0,0.9073765354748293,0.0,2.0,0.7727272727272727,-0.17826910805897503,0.6974051057781746,73,0.3924731182795699,0.3064516129032258,0,7,12,0.0,0.893048128342246,0.10695187165775401,0.6898395721925134,0.24922560722186038,0.13903743315508021,0.8609625668449198,0.09090909090909091,16,11,15.733333333333333,17.0,7.584780081774875,5.0,28.0,710.7219251336899,790.9574768348799,133,0,1,1,0,0,0,0,0,1,0,0,1,0.0,9468.0,16.0,0.0,0.0,9484.0,0.001687051876845213,0.9983129481231547,241.772,39.1608623000182,97367.57805044283,503.54046510682736,0.005171541443148151,0.6065529729164651,0.31868871959954903,0.9108881068456558,17.333333333333332,1.8235294117647058,0.012615230200278108,0.03452475658815345,1.4333333333333331,25.538396535333263,92.67452584080618,3.62883103144662,0.02619626069504595,128.0,0.013520650681314039,2.0,520.9375,370.5,611.7614392831163,148703.46285545875,8105.953099964589,1505.0,442.0,10.284945394575137,18.59027340276408,0.0,6.0,0.16543418550602154,778.0,0.08218888654130573,0.15653822824956987,0.40835470743318963
q7784rh4612si6454op6l8u8vq,human,train,1,227,15,15,30,197,0,0.13215859030837004,0.8678414096916299,2,227,0,0,0,0.0,367.0,1.6238938053097345,2.0,0.7556014232692932,0.0,2.0,0.6185286103542235,-0.3649061244636169,0.46530223885248034,47,0.2079646017699115,0.168141592920354,0,5,7,0.0,0.933920704845815,0.06607929515418502,0.8237885462555066,0.15539800449571264,0.0881057268722467,0.9118942731277533,0.048458149779735685,10,6,39.77777777777778,39.0,29.449685068219047,4.0,89.0,616.0925110132158,710.5449886312796,133,0,1,1,0,0,0,0,0,1,0,0,1,0.0,13402.0,10.0,0.0,0.0,13412.0,0.0007456009543692216,0.9992543990456307,365.583,36.659253849331066,130441.52699053263,506.6014212376432,0.0038837434130498338,0.6001781388908562,0.2777777777777778,1.7892922226065007,115.65850115269906,2.0008648649052883,0.016560006097040416,0.2993817409932564,28.40433286231632,27.280277591224536,98.21777149689173,3.60032155715623,0.025147377061413328,214.0,0.015968957540482054,7.0,532.8457943925233,356.5,575.8555273418527,143747.60642765678,14415.223531086209,1580.0,701.0,9.733715916016164,18.125272426408177,7.462129691814044e-05,11.0,0.19111940298507463,1058.0,0.07896111650123143,0.14795134111262226,0.40017864740372694
1r170g6lqfoff21od5nn9f976a,human,train,1,273,17,17,31,242,0,0.11355311355311355,0.8864468864468864,2,273,0,0,0,0.0,448.0,1.6470588235294117,2.0,0.7478342432406541,0.0,3.0,0.609375,-0.37547587938927063,0.4540422191103971,55,0.20220588235294118,0.15808823529411764,0,5,9,0.0,0.9377289377289377,0.06227106227106227,0.8424908424908425,0.13804223076161293,0.0695970695970696,0.9304029304029304,0.047619047619047616,12,8,40.09090909090909,38.0,35.88226846344368,3.0,125.0,618.7838827838827,735.2618138991925,133,0,1,1,0,0,0,0,0,1,0,0,1,0.0,15834.0,12.0,0.0,0.0,15846.0,0.0007572889057175312,0.9992427110942824,445.151,35.56995266774645,163707.7456091703,429.4182110716778,0.002623078153533765,0.6441152631565137,0.2999423243289873,1.3246795782262069,77.0,2.25,0.01865419508175893,0.21635777391951713,20.666666666666668,28.115391902987433,84.42410156820152,3.002771644069843,0.02450577906903303,288.0,0.0181898566285606,3.0,498.8263888888889,368.5,392.51630946053115,140025.12402542742,17178.98633342081,1531.0,710.0,10.339654241721107,16.60168739499439,0.0,4.0,0.1782465891864578,1338.0,0.08451237998989389,0.15486751037951407,0.4156786026475799
kpedbnklnbmle61jm27kmfnkoh,human,train,1,213,17,17,32,181,0,0.15023474178403756,0.8497652582159625,2,213,0,0,0,0.0,332.0,1.5660377358490567,2.0,0.8128550652278497,0.0,3.0,0.641566265060241,-0.3166105972830079,0.5190520296033256,52,0.24528301886792453,0.19811320754716982,0,6,9,0.0,0.92018779342723,0.07981220657276995,0.7981220657276995,0.17773876165103003,0.09859154929577464,0.9014084507042254,0.056338028169014086,11,8,32.2,24.0,31.479517150045357,3.0,110.0,654.6666666666666,775.0470145767815,133,0,1,1,0,0,0,0,0,1,0,0,1,0.0,11280.0,11.0,0.0,0.0,11291.0,0.0009742272606500752,0.9990257727393499,330.243,34.156666454701536,93678.54401860443,279.5084971874737,0.0029836981361704737,0.5041265029636547,0.25,0.9177409065093367,50.0,1.736961267709715,0.011506426986678434,0.06291449389614819,5.1607843137254905,29.27945739870556,88.42497427215578,3.020034595178838,0.031297100806809114,228.0,0.02021455802819399,3.0,506.2719298245614,384.5,377.8667101182294,132317.54977588527,18251.879032619083,1513.0,593.0,8.30557177219651,13.044934954490774,0.0,1.0,0.18638056392977478,1170.0,0.10374179819116865,0.1884488494301716,0.4534066553966306
4mae49mh8va4g03vjatfn6np9b,human,train,1,182,17,17,36,146,0,0.1978021978021978,0.8021978021978022,2,182,0,0,0,0.0,255.0,1.408839779005525,2.0,0.8849442232121956,0.0,3.0,0.7137254901960784,-0.2283979464879023,0.6281368800055191,60,0.3314917127071823,0.26519337016574585,0,7,9,0.0,0.9065934065934066,0.09340659340659341,0.7307692307692307,0.22324617756395254,0.12637362637362637,0.8736263736263736,0.07692307692307693,13,8,20.583333333333332,14.0,17.08048756785226,2.0,60.0,626.0989010989011,554.5938134444707,133,0,1,1,0,0,0,0,0,1,0,0,1,0.0,10640.0,13.0,0.0,0.0,10653.0,0.0012203135267060921,0.998779686473294,254.755,41.76561794665463,93401.0437172504,586.5765082237781,0.006280192221400651,0.5256508439143002,0.26666666666666666,0.8615992919890465,15.807515649854919,1.8134672467139192,0.0106394596845877,0.028970612037554775,0.9408180277353255,23.945389604286117,59.03792806348429,2.4655238039190963,0.02425039947363474,124.0,0.011655230754770185,0.0,480.741935483871,390.5,271.00466818285446,157505.63430655174,3970.816245654079,1556.0,421.0,8.779118687588157,14.894020926313942,0.0,4.0,0.19195337469449145,801.0,0.07529610829103214,0.1456026554840966,0.3815907076416131
v7qok0dv5ekcaoefquadgka6me,human,train,1,220,17,17,49,171,0,0.22272727272727272,0.7772727272727272,2,220,0,0,0,0.0,300.0,1.36986301369863,2.0,0.9142232171760869,0.0,3.0,0.7333333333333333,-0.19948449859883385,0.6673829485385435,78,0.3561643835616438,0.2876712328767123,0,7,9,0.0,0.9227272727272727,0.07727272727272727,0.7090909090909091,0.22373738197290033,0.15454545454545454,0.8454545454545455,0.07272727272727272,15,8,20.714285714285715,18.0,10.333223611442927,5.0,39.0,676.35,797.8246789922525,133,0,1,1,0,0,0,0,0,1,0,0,1,0.0,10608.0,15.0,0.0,0.0,10623.0,0.001412030499858797,0.9985879695001412,299.052,35.47209181011998,105453.88280656481,406.36929017828106,0.003853526104142496,0.5859087085985462,0.29411764705882354,0.9855330876049122,26.328322308030863,1.9375,0.012372354587464971,0.04039502668673395,2.0154061624649864,28.19383426039408,75.6674131494115,2.683828402003022,0.031677194305647215,203.0,0.019138304892995193,0.0,468.44827586206895,371.0,296.0543337073105,129698.92857648627,16323.34645893904,1462.0,561.0,9.941914095084831,18.510644689689844,0.0,11.0,0.15708089760512917,1231.0,0.11606637752215727,0.20922663891546556,0.47120481678660475
0p0kaqfmftrtfg0u12rkshrdi9,human,train,1,157,16,16,35,122,0,0.2229299363057325,0.7770700636942676,2,157,0,0,0,0.0,211.0,1.3525641025641026,2.0,0.9044369772907681,0.0,2.0,0.7440758293838863,-0.1985498054356934,0.6686832628310891,55,0.3525641025641026,0.2948717948717949,0,7,8,0.0,0.8980891719745223,0.10191082802547771,0.7070063694267515,0.24588018749712837,0.15286624203821655,0.8471337579617835,0.07643312101910828,11,7,20.1,16.5,11.920151005754917,5.0,41.0,679.2229299363057,758.2110154388531,133,0,1,1,0,0,0,0,0,1,0,0,1,0.0,6577.0,11.0,0.0,0.0,6588.0,0.0016697024893746206,0.9983302975106254,210.507,31.243616601823216,54442.552458078324,551.837838499681,0.010136149272659567,0.5221349589899233,0.23529411764705882,2.320163463398352,172.27449027641904,1.6729166666666515,0.013528055307385387,0.18058439262132853,13.77848096124396,32.011405109489054,115.8987467003496,3.6205454369759624,0.040298053527980535,142.0,0.02159367396593674,6.0,583.4154929577464,400.5,547.0399249399245,119759.733410756,8775.852555506193,1444.0,533.0,8.27897695530388,15.325812527387974,0.0,6.0,0.18083650190114067,845.0,0.1285171102661597,0.2153237820020001,0.4757639201632081
eb755astnc2v6cch658lgfrhfh,human,train,1,219,20,20,48,171,0,0.2191780821917808,0.7808219178082192,2,219,0,0,0,0.0,288.0,1.3211009174311927,2.0,0.9125097354760704,0.0,2.0,0.7604166666666666,-0.18292856072444896,0.690719174770081,81,0.37155963302752293,0.3073394495412844,0,6,12,0.0,0.908675799086758,0.091324200913242,0.6940639269406392,0.2374109913775216,0.1324200913242009,0.8675799086757991,0.091324200913242,19,11,15.555555555555555,13.0,9.90635162252662,4.0,48.0,688.3424657534247,781.0083849287917,133,0,1,1,0,0,0,0,0,1,0,0,1,0.0,8643.0,19.0,0.0,0.0,8662.0,0.0021934888016624334,0.9978065111983375,286.896,30.12589928057554,70188.64609196433,231.03679360655957,0.003291654797042883,0.4855171941149065,0.23529411764705882,0.8253835137689006,18.75,1.6875,0.01190313381538006,0.03834828393363994,1.2223529411764706,33.19787086322611,110.94037130288096,3.3417917600785554,0.039689886600324,214.0,0.02476278639203888,4.0,529.3457943925233,377.0,480.3907502748181,102090.83279696488,10042.987091642628,1477.0,554.0,8.121805842624893,13.963276479222843,0.0,3.0,0.17625274852447634,1244.0,0.14396481888670293,0.23834000742254444,0.4995381730261628
gh9s7753br49h4c8g669fucshp,human,train,1,188,16,16,35,153,0,0.18617021276595744,0.8138297872340425,2,188,0,0,0,0.0,274.0,1.46524064171123,2.0,0.8544443864121563,0.0,3.0,0.6861313868613139,-0.26330999592354354,0.5831427016754497,57,0.3048128342245989,0.23529411764705882,0,7,8,0.0,0.9148936170212766,0.0851063829787234,0.7553191489361702,0.20754192517991174,0.1276595744680851,0.8723404255319149,0.06382978723404255,11,7,26.7,26.0,16.93546574499798,5.0,58.0,659.6063829787234,744.4957413547962,133,0,1,1,0,0,0,0,0,1,0,0,1,0.0,6390.0,11.0,0.0,0.0,6401.0,0.0017184814872676145,0.9982815185127324,272.909,23.414398205995404,49084.92388890728,462.2650754707736,0.00941765900497283,0.4650122961492642,0.22534695471649932,1.1364792913371775,49.41726536042316,1.5159144643284046,0.010970749574303513,0.05958079062269745,3.6149416109489554,42.715448426983876,203.32063993623206,4.75988541437837,0.05196431366411019,209.0,0.032712474565659726,12.0,707.4832535885167,418.0,893.326465053249,120165.44165940523,16827.574544561754,1501.0,677.0,7.682724039584799,14.60315059830233,0.0,2.0,0.17908578584846588,950.0,0.14871634314339385,0.24872197717987746,0.5122091908470527
aqn61ppbjkhm8841j1ofqp0u0a,human,train,1,254,19,19,45,209,0,0.17716535433070865,0.8228346456692913,2,254,0,0,0,0.0,380.0,1.5019762845849802,2.0,0.8322763010772398,0.0,2.0,0.6684210526315789,-0.2869012495139846,0.5541208004540571,70,0.2766798418972332,0.22134387351778656,0,7,10,0.0,0.9251968503937008,0.07480314960629922,0.7677165354330708,0.1944822201159977,0.1220472440944882,0.8779527559055118,0.05905511811023622,14,9,27.76923076923077,24.0,16.33850499776923,4.0,65.0,757.0826771653543,1289.794727096671,133,0,1,1,0,0,0,0,0,1,0,0,1,0.0,10207.0,14.0,0.0,0.0,10221.0,0.0013697289893356815,0.9986302710106644,379.001,26.93132735797531,77408.0584082811,568.9332122490301,0.007349793082888716,0.45008877963896476,0.23529411764705882,0.7401714673227193,12.76923076923077,1.5,0.009836047563606063,0.025176831297347397,0.8395173453996985,37.13511659807956,163.82348997787045,4.411551786708071,0.0366451107191848,275.0,0.02694493435234176,10.0,671.9454545454546,425.0,757.011286530052,144253.22207504616,20822.14441914523,1540.0,708.0,7.584563826012257,13.404705508229785,0.0,4.0,0.18098971092601665,1359.0,0.13317001469867712,0.22031374646307486,0.47394279271191364
7f2bg9n48opuf4ligvtc1dsopr,human,train,1,228,18,18,41,187,0,0.17982456140350878,0.8201754385964912,2,228,0,0,0,0.0,334.0,1.47136563876652,2.0,0.846250805482428,0.0,2.0,0.6826347305389222,-0.26972316098087923,0.5751465055224885,67,0.29515418502202645,0.23348017621145375,0,7,10,0.0,0.9210526315789473,0.07894736842105263,0.7587719298245614,0.19900092632690608,0.11842105263157894,0.881578947368421,0.06578947368421052,14,9,25.0,18.0,15.821115393918733,1.0,58.0,672.6622807017544,814.8465601862905,133,0,1,1,0,0,0,0,0,1,0,0,1,0.0,11277.0,14.0,0.0,0.0,11291.0,0.0012399256044637321,0.9987600743955363,332.09,33.95766207955675,107294.82720604911,588.2456969668372,0.005482516839671771,0.5894178007105466,0.2777777777777778,2.6646805688636994,248.69308394082856,1.875,0.01839355108496128,0.511518245771336,53.43787053527515,29.451046470379566,91.05817364592113,3.0918484929730092,0.03139411138701667,252.0,0.022348350478893223,4.0,463.3968253968254,363.0,408.03971132926256,119102.48944475265,11825.25499110727,1556.0,700.0,9.515326995924895,19.373221540464172,8.86839304717985e-05,9.0,0.16993348115299334,1317.0,0.11681745609366684,0.205011922491692,0.4663143403965849
cupcde8stlaqucrpahgnsiv0b2,human,train,1,271,20,20,54,217,0,0.1992619926199262,0.8007380073800738,2,271,0,0,0,0.0,381.0,1.4111111111111112,2.0,0.8847821800719313,0.0,3.0,0.7112860892388452,-0.22924799382464756,0.6270109937517623,88,0.32592592592592595,0.26666666666666666,0,7,12,0.0,0.9261992619926199,0.07380073800738007,0.7343173431734318,0.20701663050938732,0.13284132841328414,0.8671586715867159,0.07011070110701106,18,11,21.823529411764707,18.0,17.770548318587487,5.0,87.0,656.9409594095941,759.151354343804,133,0,1,1,0,0,0,0,0,1,0,0,1,0.0,11183.0,18.0,0.0,0.0,11201.0,0.0016069993750557985,0.9983930006249442,379.445,29.4719919882987,106959.81300034648,400.930168483241,0.003748418749403968,0.5714057224897715,0.2777777777777778,1.0814483905504106,49.34959191545784,2.0,0.012193591250312484,0.03977396346245842,1.9183326671994674,33.933553925952424,126.4311991391856,3.72584608777128,0.03496691110713647,284.0,0.025397961008764087,10.0,568.4507042253521,380.5,570.1101151045949,126813.91526581402,16638.797930303394,1459.0,698.0,9.56535619749119,17.637200856041908,0.0,8.0,0.17019944548788124,1338.0,0.11966729272873625,0.21239300663413255,0.4874762241210801
r0e98rtqr6192k5b8gl4ndlmha,human,train,1,141,17,17,34,107,0,0.24113475177304963,0.7588652482269503,2,141,0,0,0,0.0,183.0,1.3071428571428572,2.0,0.9250206837180033,0.0,2.0,0.7704918032786885,-0.17118914740336807,0.7076660968334452,52,0.37142857142857144,0.32142857142857145,0,6,9,0.0,0.8794326241134752,0.12056737588652482,0.6808510638297872,0.26980457380022843,0.15602836879432624,0.8439716312056738,0.09219858156028368,12,8,15.636363636363637,16.0,7.737426483982987,5.0,27.0,664.8723404255319,664.9115000148284,133,0,1,1,0,0,0,0,0,1,0,0,1,0.0,6840.0,12.0,0.0,0.0,6852.0,0.0017513134851138354,0.9982486865148862,181.232,37.74167917365587,66214.25283225649,529.377936827745,0.007994924267571842,0.5848544581067692,0.29411764705882354,0.9181525012253177,12.0,2.0589075458824886,0.012447247110043887,0.032527781507195014,1.2549019607843137,26.49978066968855,87.65416744557132,3.3077318087327967,0.033338207340254424,101.0,0.014768240970902178,3.0,537.6435643564356,374.0,492.5165441088845,126852.85752402448,4832.934362282411,1495.0,570.0,9.681861797376296,15.11856806433942,0.00014622020763269483,0.0,0.1557472945305645,636.0,0.09302325581395349,0.17404704967147783,0.4102496325886194
b3avd2j0387kff1fs4hseklo4t,human,train,1,303,20,20,45,258,0,0.1485148514851485,0.8514851485148515,2,303,0,0,0,0.0,465.0,1.5397350993377483,2.0,0.8199159600125298,0.0,2.0,0.6516129032258065,-0.30505321389486223,0.5325045589758796,75,0.24834437086092714,0.2119205298013245,0,6,11,0.0,0.933993399339934,0.066006600660066,0.7986798679867987,0.1687826274645406,0.09570957095709572,0.9042904290429042,0.056105610561056105,16,10,30.4,22.0,28.15859844997024,3.0,103.0,708.3828382838284,1152.5006240424975,133,0,1,1,0,0,0,0,0,1,0,0,1,0.0,17737.0,16.0,0.0,0.0,17753.0,0.0009012561257252295,0.9990987438742748,462.463,38.35333853735326,164859.7954118754,195.4405280385826,0.001185495393527004,0.5639222715416298,0.29411764705882354,0.908664872470155,16.07210316044543,1.9061953606443818,0.012233853598392904,0.03537418422942801,1.3939058024778892,26.07481957600361,75.37955743423996,2.8908946892047145,0.021199819576003608,279.0,0.015730717185385656,5.0,467.1218637992832,353.0,388.18363839881323,141185.57945069173,13326.438515999285,1542.0,584.0,9.295207228905921,14.621173031963048,0.0,2.0,0.17175077530307303,1502.0,0.08469128841274316,0.158086877764045,0.39904285581641386
49rbuft0lmtfjd3qn70np3lk51,human,train,1,286,20,20,41,245,0,0.14335664335664336,0.8566433566433567,2,286,0,0,0,0.0,439.0,1.5403508771929824,2.0,0.8181836213764635,0.0,3.0,0.6514806378132119,-0.30619321288475737,0.5311670434904149,73,0.256140350877193,0.20701754385964913,0,7,12,0.0,0.9300699300699301,0.06993006993006994,0.7972027972027972,0.16648241439844627,0.08391608391608392,0.916083916083916,0.06293706293706294,17,11,26.875,22.0,21.295172575022725,7.0,97.0,612.8286713286714,621.4954967372395,133,0,1,1,0,0,0,0,0,1,0,0,1,0.0,15157.0,17.0,0.0,0.0,15174.0,0.0011203374192698037,0.9988796625807302,438.815,34.54075179745451,127411.0438970307,199.5720421301541,0.0015663637627162169,0.5063067571106086,0.2777777777777778,0.7224920675293007,14.11111111111111,1.7224461783130784,0.010534892957018907,0.026098442140642705,0.744107744107744,28.95321984692531,101.65356334470071,3.5109588461020795,0.02553444180522565,267.0,0.017616785431512273,10.0,563.2209737827716,396.0,531.1228299874552,124752.87040743254,12336.869736057968,1513.0,668.0,8.406640531606671,12.360752924731216,0.0,2.0,0.1693830419003629,1499.0,0.09891125041240514,0.17927778595054053,0.4276439380450764
26v7bi8e0oc7p58e3s9v8eic9f,human,train,1,317,19,19,44,273,0,0.138801261829653,0.861198738170347,2,317,0,0,0,0.0,495.0,1.5664556962025316,2.0,0.7947701490426811,0.0,2.0,0.6404040404040404,-0.3268156448116936,0.5073684183787621,76,0.24050632911392406,0.1930379746835443,0,7,11,0.0,0.9400630914826499,0.05993690851735016,0.807570977917981,0.15709585624213193,0.08832807570977919,0.9116719242902208,0.05362776025236593,16,10,32.53333333333333,20.0,28.530373678278774,5.0,96.0,593.993690851735,565.9946884396514,133,0,1,1,0,0,0,0,0,1,0,0,1,0.0,15913.0,17.0,0.0,0.0,15930.0,0.0010671688637790332,0.998932831136221,494.731,32.16495428829,137948.51764078328,517.4640084102468,0.003751138593295497,0.5199881455956923,0.25,0.7987725296930612,11.68569876197207,1.784757150033521,0.010313991960812584,0.02345422421441775,0.508676213761101,31.0916918049271,120.5313231095198,3.8766408681054534,0.027275012569130216,318.0,0.01998491704374057,11.0,576.940251572327,405.0,638.6179256180424,133509.1186457924,15086.068599522818,1546.0,707.0,8.669464406786279,13.858182528672648,0.0,2.0,0.17679592734586136,1855.0,0.11658600967883855,0.19841518947778103,0.45362411182786605
coom33f4pfor5m2sifo3jphip8,human,train,1,365,20,20,53,312,0,0.14520547945205478,0.8547945205479452,2,365,0,0,0,0.0,581.0,1.5961538461538463,2.0,0.7873216096302079,0.0,2.0,0.6282271944922547,-0.3393499331242618,0.49326173133458806,78,0.21428571428571427,0.18956043956043955,0,7,11,0.0,0.9452054794520548,0.0547945205479452,0.8136986301369863,0.1505665769738641,0.10410958904109589,0.8958904109589041,0.043835616438356165,15,10,40.642857142857146,43.0,22.12822096928052,12.0,81.0,673.8054794520548,1784.4910967809628,133,0,1,1,0,0,0,0,0,1,0,0,1,0.0,17545.0,15.0,0.0,0.0,17560.0,0.0008542141230068337,0.9991457858769932,580.173,30.240979845666722,155160.86966616267,557.5562751866398,0.003593407773404812,0.5319945310911306,0.2576941016011038,0.9200182218812328,30.0,1.7640023970061567,0.011356613097070298,0.04093685715646424,2.911111111111111,33.069596443228455,128.27563223852664,3.8789597102807463,0.02747378020975832,389.0,0.022172822617419062,17.0,619.146529562982,407.0,614.8014260223482,141171.9592665069,18141.56754630624,1585.0,703.0,8.844098818180727,15.533947306510077,0.0,7.0,0.18440403579775408,1949.0,0.11109844382374737,0.18833519440744226,0.4471503541178427
ml4tnn1lkctli3fofonrj629qm,human,train,1,266,16,16,36,230,0,0.13533834586466165,0.8646616541353384,2,266,0,0,0,0.0,427.0,1.6113207547169812,2.0,0.7647074609875312,0.0,2.0,0.6229508196721312,-0.35631449497682927,0.47458425564799944,57,0.21509433962264152,0.17358490566037735,0,7,8,0.0,0.9398496240601504,0.06015037593984962,0.8195488721804511,0.15429370070434945,0.09022556390977443,0.9097744360902256,0.04887218045112782,12,7,37.63636363636363,32.0,27.948890780633292,5.0,90.0,616.515037593985,686.7756373734148,133,0,1,1,0,0,0,0,0,1,0,0,1,0.0,14679.0,12.0,0.0,0.0,14691.0,0.0008168266285480906,0.9991831733714519,425.55,34.494183997180116,134122.79961930134,394.6137351892354,0.0029421823605630085,0.5484644903102958,0.29450754468697576,0.8286395031841746,13.0,1.7735074625507452,0.011812388648557662,0.027198293636597908,0.6074074074074074,28.992369532633873,97.90348335180799,3.3768707052939435,0.026570377435617933,257.0,0.0175091974383431,8.0,560.0583657587549,392.0,495.4394351961941,120013.34293053395,14993.334846524953,1486.0,695.0,9.137675406683563,14.69709465817694,0.0,4.0,0.16004633099407237,1471.0,0.10022484158888056,0.1812825064919576,0.4187254282653286
9ps9ql7hbv7pcbs8mjr50e0rt8,human,train,1,232,18,18,33,199,0,0.14224137931034483,0.8577586206896551,2,232,0,0,0,0.0,367.0,1.5887445887445888,2.0,0.7948174555072023,0.0,3.0,0.6321525885558583,-0.3330843160353324,0.5002801967906368,54,0.23376623376623376,0.18614718614718614,0,7,9,0.0,0.9224137931034483,0.07758620689655173,0.8103448275862069,0.168377407954732,0.09482758620689655,0.9051724137931034,0.05172413793103448,11,8,35.8,33.5,15.011995203836165,6.0,57.0,651.9784482758621,919.5473982557785,133,0,1,1,0,0,0,0,0,1,0,0,1,0.0,12497.0,11.0,0.0,0.0,12508.0,0.0008794371602174608,0.9991205628397826,366.026,34.14238332796031,117020.54855412086,445.4267616567285,0.0038063978263674176,0.576504342858487,0.2777777777777778,1.9530310353357256,169.48297849636702,1.8333333333333333,0.014131014941457729,0.19283895535663434,15.867426523463527,29.291453265044815,121.71701102156487,4.155376311315247,0.027608834827144685,232.0,0.01856594110115237,6.0,557.875,384.5,707.9166842141758,158551.7794413189,10083.110816750459,1502.0,496.0,9.364640569311849,18.089038618654207,0.0,7.0,0.1872749099639856,1156.0,0.09251700680272108,0.167652163999598,0.43024965310694796
75ufmqjcbcd722b8qt9sdvphdi,human,train,1,258,21,21,44,214,0,0.17054263565891473,0.8294573643410853,2,258,0,0,0,0.0,378.0,1.4708171206225682,2.0,0.8553587738047603,0.0,3.0,0.6825396825396826,-0.26457945346790934,0.5815534520312788,78,0.3035019455252918,0.23346303501945526,0,7,12,0.0,0.9186046511627907,0.08139534883720931,0.7674418604651163,0.19354730137250872,0.10852713178294573,0.8914728682170543,0.06589147286821706,16,11,24.466666666666665,15.0,19.099272819199744,3.0,70.0,705.5271317829457,1027.0989519105765,133,0,1,1,0,0,0,0,0,1,0,0,1,0.0,10715.0,16.0,0.0,0.0,10731.0,0.0014910073618488492,0.9985089926381512,377.471,28.38628662864167,103845.56119337786,559.836583299091,0.005391049717152391,0.5810827680670889,0.29411764705882354,1.2889904361467288,98.61066118833196,1.919816550620457,0.012645805217058464,0.10407867657802886,9.792316118833195,35.231566175098,143.3439675920047,4.068623202261202,0.03528094082508867,273.0,0.025480679484786262,10.0,612.2490842490843,416.0,673.4406627427728,107480.55410113426,13107.008018562645,1447.0,645.0,9.692510845004467,16.283913426105002,0.0,9.0,0.17110053206384765,1322.0,0.1234014748436479,0.20686232421474904,0.4700508545403474
7el564n2rvpqj7hl5gn3b8uk8j,human,train,1,210,19,19,44,166,0,0.20952380952380953,0.7904761904761904,2,210,0,0,0,0.0,285.0,1.3636363636363635,2.0,0.8975341988490039,0.0,3.0,0.7368421052631579,-0.20613312968086894,0.6581917458226029,77,0.3684210526315789,0.27751196172248804,0,7,11,0.0,0.9095238095238095,0.09047619047619047,0.7095238095238096,0.2297421170859452,0.12857142857142856,0.8714285714285714,0.08571428571428572,17,10,17.3125,18.0,9.372291275349907,3.0,36.0,633.1238095238095,636.332702664829,133,0,1,1,0,0,0,0,0,1,0,0,1,0.0,11910.0,17.0,0.0,0.0,11927.0,0.0014253374696067745,0.9985746625303932,284.206,41.9062229509581,132769.6486939594,590.3388857258177,0.004446339141007882,0.6661246423755227,0.375,0.9507666143927149,11.1875,2.2777777777777777,0.012165693080220719,0.026661053639081823,0.4962121212121212,23.864808128306322,58.86787620335166,2.466723213815736,0.022755898899991602,151.0,0.01267948610294735,0.0,427.33112582781456,313.0,307.65306257532615,136284.27296355044,13344.5103178682,1489.0,565.0,11.148681559657351,16.135160144532275,0.0,1.0,0.15485387974470943,1005.0,0.0843970440040309,0.15762634687421326,0.4099196376873891
rfvugmk87jtlaiilouut5sdm32,human,train,1,284,15,15,34,250,0,0.11971830985915492,0.8802816901408451,2,284,0,0,0,0.0,472.0,1.667844522968198,2.0,0.7152488142501577,0.0,2.0,0.6016949152542372,-0.3997307591107401,0.4288462170186327,53,0.1872791519434629,0.14487632508833923,0,7,7,0.0,0.9471830985915493,0.0528169014084507,0.8485915492957746,0.13244771327014954,0.0880281690140845,0.9119718309859155,0.035211267605633804,9,6,55.875,50.0,22.37430166507996,26.0,90.0,588.0845070422536,584.2871121959461,133,0,1,1,0,0,0,0,0,1,0,0,1,0.0,15436.0,9.0,0.0,0.0,15445.0,0.0005827128520556814,0.9994172871479443,470.943,32.77679039713936,152674.1041991107,584.6366392897387,0.003829311082954067,0.5910525318447825,0.29917582261858355,0.9660343927579459,29.55186119350184,2.0,0.01236569411455565,0.06172366250822835,5.518208189121973,30.51137026239067,105.72141753062805,3.464984254114073,0.027016520894071916,328.0,0.02125040492387431,10.0,536.7073170731708,374.5,503.00528503757164,145820.62074973522,16522.7503946068,1530.0,582.0,9.89142236469781,16.341175307937608,0.0,11.0,0.1716988467020863,1706.0,0.11053518206556952,0.19247782437315192,0.45535348939111253
7onurvslijk8fm97iohvhcoq52,moderate_bot,train,1,118,20,20,44,74,0,0.3728813559322034,0.6271186440677966,2,118,0,0,0,0.0,91.0,0.7777777777777778,0.0,0.9438157786991895,0.0,2.0,1.2967032967032968,0.09644436707882922,1.2134774297561008,75,0.6410256410256411,0.5811965811965812,0,9,12,0.0,0.8305084745762712,0.1694915254237288,0.4745762711864407,0.3867106934520377,0.2288135593220339,0.771186440677966,0.15254237288135594,17,11,5.5,4.5,3.69120576505835,0.0,11.0,803.2796610169491,838.890599982422,121,0,1,0,0,0,1,0,0,1,0,0,1,0.0,5203.0,18.0,0.0,0.0,5221.0,0.003447615399348784,0.9965523846006512,91.182,57.06170077427562,7966.131414420446,182.8879438344693,0.022958188149319502,0.07003094773408748,0.0625,0.21948917276547833,15.779411764705882,0.08838834764831845,0.0009993275733429076,0.007682007748015017,0.40203619909502264,17.528258362168398,12.58538195336571,0.7180052743020379,0.011918492887351018,3.0,0.0005767012687427913,0.0,368.3333333333333,250.0,185.30755216366353,50984.49448977325,11936.386937650255,1223.0,644.0,1.5313593645560257,21.039000922004035,0.0036524413687043446,2.0,0.5820034608729091,2156.0,0.41605557699729834,0.33146773125245454,0.5217326824888225
dplgo3sid3ccoh1p28kt7oal82,moderate_bot,train,1,54,14,14,26,28,0,0.48148148148148145,0.5185185185185185,2,54,0,0,0,0.0,25.0,0.4716981132075472,0.0,0.7673471474589719,0.0,2.0,2.16,0.23861035882772064,1.6267759526130205,44,0.8301886792452831,0.6981132075471698,0,9,6,0.0,0.7407407407407407,0.25925925925925924,0.3333333333333333,0.5060648951901229,0.3148148148148148,0.6851851851851851,0.18518518518518517,9,5,2.125,1.5,1.6153559979150107,0.0,5.0,840.5925925925926,791.1426223090368,121,0,1,0,0,0,1,0,0,1,0,0,1,0.0,1412.0,10.0,0.0,0.0,1422.0,0.007032348804500703,0.9929676511954993,24.415,57.83329920131067,1586.0450003874284,399.2242477605788,0.25171054267883886,0.06578973938854443,0.058823529411764705,0.016171120925595733,0.3734327165133374,0.08838834764831845,0.0008678030054452997,0.0012101265586841774,0.008891255155079462,17.303330970942593,8.067318392217764,0.46622921365632874,0.014883061658398299,0.0,0.0,0.0,,,,5000.259044290541,12964.483652866165,322.0,500.0,1.1240574063695452,0.904823819822332,0.008504606661941885,0.0,0.5127659574468085,677.0,0.4842632331902718,0.38477666992346604,0.5583640082081558
t8f9bu34vogoj5kisdk61hp83n,moderate_bot,train,1,87,15,15,38,49,0,0.4367816091954023,0.5632183908045977,2,87,0,0,0,0.0,51.0,0.5930232558139535,0.0,0.8677410793863085,0.0,2.0,1.7058823529411764,0.18806443787847052,1.463249663278873,64,0.7441860465116279,0.6627906976744186,0,9,7,0.0,0.8275862068965517,0.1724137931034483,0.3793103448275862,0.431856369375235,0.26436781609195403,0.735632183908046,0.1839080459770115,15,6,3.2857142857142856,3.5,1.577908716741037,0.0,6.0,828.4022988505748,832.2095980984171,121,0,1,0,0,0,1,0,0,1,0,0,1,0.0,2932.0,16.0,0.0,0.0,2948.0,0.005427408412483039,0.994572591587517,50.199,58.407537998764916,3291.5018453569382,424.4455206501772,0.1289519315472689,0.06576098616638902,0.058823529411764705,0.014814931017806317,0.3734327165133374,0.08838834764831845,0.0005608626285065324,0.0009744686063505669,0.009436253270789775,17.12691914022518,6.665850839194067,0.3892031476658461,0.011941316956670079,0.0,0.0,0.0,,,,5542.800832861831,21854.139700887234,377.0,661.0,1.122996194253476,0.9138339260032549,0.005800068236096895,0.0,0.7474402730375427,726.0,0.24922760041194644,0.20296875196841385,0.4212747195017135
lbpk1okd4btot9vqfjpsv2vl9n,moderate_bot,train,1,82,17,17,32,50,0,0.3902439024390244,0.6097560975609756,2,82,0,0,0,0.0,68.0,0.8395061728395061,0.0,0.9616959058839726,0.0,2.0,1.2058823529411764,0.0678378814280866,1.1455495349500262,49,0.6049382716049383,0.5555555555555556,0,10,9,0.0,0.7926829268292683,0.2073170731707317,0.47560975609756095,0.42222740472046083,0.25609756097560976,0.7439024390243902,0.14634146341463414,11,8,6.3,4.5,4.267317658670374,0.0,14.0,853.7073170731708,913.2177830149569,121,0,1,0,0,0,1,0,0,1,0,0,1,0.0,3974.0,11.0,0.0,0.0,3985.0,0.0027603513174404015,0.9972396486825597,67.199,59.13778478846412,4398.894803240228,233.18876473792642,0.0530107618318491,0.06653543697637704,0.0625,0.012559626851688986,0.15713484026367724,0.08838834764831845,0.0008098588534975825,0.0011215034361814792,0.007562408527070195,16.913918952932292,5.2064975253741705,0.3078232513625438,0.006292474200855777,0.0,0.0,0.0,,,,54305.22084946212,6112.869380021473,864.0,495.0,1.1071972824667071,0.19595431644718023,0.003775484520513466,0.0,0.5304632426988922,1853.0,0.4682840535759414,0.37136213386824,0.5483647476040832
heooocaj90nj4usab96vr0t8bo,moderate_bot,train,1,128,16,16,49,79,0,0.3828125,0.6171875,2,128,0,0,0,0.0,114.0,0.8976377952755905,0.0,0.9543488992835081,0.0,2.0,1.1228070175438596,0.030621766438456377,1.0631781597281187,75,0.5905511811023622,0.5118110236220472,0,6,8,0.0,0.875,0.125,0.5,0.3565123166243898,0.2734375,0.7265625,0.1171875,14,7,8.153846153846153,6.0,4.14814423468085,4.0,17.0,782.9140625,822.4418105113857,121,0,1,0,0,0,1,0,0,1,0,0,1,0.0,6232.0,15.0,0.0,0.0,6247.0,0.0024011525532255484,0.9975988474467744,113.624,54.847567415334794,7172.289980281522,441.09069362207134,0.06149928332997461,0.06382109638317009,0.058823529411764705,0.026660797890179565,1.9920318725099602,0.08326118320705181,0.0005689301845542719,0.0009322705416832556,0.014921587059999701,18.235275236719627,105.05566390775195,5.761123018105351,0.005456588027603916,2.0,0.0003209757663296421,1.0,4275.5,4275.5,4024.5,38727.19001342609,15571.891518304423,784.0,718.0,1.1510656363796377,6.364714046459826,0.0022468303643074948,1.0,0.7059390048154093,1813.0,0.2916666666666667,0.23297794854354847,0.43850812331485434
fsjvbae9a6rr1ka25ldsvbdtuu,moderate_bot,train,1,143,16,16,42,101,0,0.2937062937062937,0.7062937062937062,2,143,0,0,0,0.0,192.0,1.352112676056338,2.0,0.9284030139536336,0.0,3.0,0.7447916666666666,-0.1857955478924382,0.6866313957365415,57,0.4014084507042254,0.28169014084507044,0,6,7,0.0,0.8881118881118881,0.11188811188811189,0.6223776223776224,0.29784582254839537,0.21678321678321677,0.7832167832167832,0.08391608391608392,11,6,17.3,17.0,5.866003750424986,10.0,28.0,771.6783216783217,1207.2110527549385,121,0,1,0,0,0,1,0,0,1,0,0,1,0.0,3238.0,12.0,0.0,0.0,3250.0,0.0036923076923076922,0.9963076923076923,191.149,16.939664868767295,5645.280912085978,1073.79001671649,0.1902102009516681,0.07091286227388913,0.058823529411764705,0.41840907000011796,23.844454799624963,0.08838834764831845,0.001098744261983329,0.02091389751560227,0.8950737660235835,59.05128205128205,261.7350247798977,4.432334331921846,0.021933889403768923,123.0,0.037998146431881374,9.0,1133.7886178861788,985.0,775.9052017784584,108622.53887924089,12701.407683560836,1223.0,572.0,1.743985453223966,26.649197121134804,0.004324992276799506,2.0,0.7027194066749073,948.0,0.2942271880819367,0.23571695344672022,0.4429613273601091
tgjeh5ae9h3v4vmds3oemkq48n,moderate_bot,train,1,128,15,15,27,101,0,0.2109375,0.7890625,2,128,0,0,0,0.0,181.0,1.4251968503937007,2.0,0.9265946887153167,0.0,4.0,0.7071823204419889,-0.21200950568402877,0.6501520744024598,41,0.3228346456692913,0.2755905511811024,0,7,7,0.0,0.8828125,0.1171875,0.6953125,0.25882937352916996,0.140625,0.859375,0.078125,9,6,18.75,22.5,6.437196594791867,8.0,25.0,672.953125,704.7043469092088,121,0,1,0,0,0,1,0,0,1,0,0,1,0.0,4789.0,12.0,0.0,0.0,4801.0,0.0024994792751510102,0.997500520724849,180.393,26.5475933101617,7787.116045020786,845.3667843013469,0.10855967464898494,0.07083881312771279,0.0625,0.31020211848502466,21.5,0.08838834764831845,0.0010345479842299365,0.011951592192605097,0.6393077900572904,37.67606516290727,207.78889792802804,5.515143288705206,0.013366750208855471,85.0,0.017752715121136173,7.0,1203.0235294117647,987.0,1024.4212366183172,111753.51788755476,17729.277600609148,1205.0,702.0,1.626381797205678,22.213281193109914,0.0029239766081871343,3.0,0.5460622519323167,2161.0,0.4527550806620574,0.3588679047118777,0.5379069852408372
v23rfeffhu8tnkj029mv5angtg,moderate_bot,train,1,114,16,16,31,83,0,0.2719298245614035,0.7280701754385965,2,114,0,0,0,0.0,158.0,1.3982300884955752,2.0,1.0770315071590368,0.0,7.0,0.7215189873417721,-0.12976348920066108,0.7702820272719694,43,0.3805309734513274,0.2920353982300885,0,7,8,0.0,0.8596491228070176,0.14035087719298245,0.6403508771929824,0.3042587923137884,0.19298245614035087,0.8070175438596492,0.08771929824561403,9,7,17.75,20.5,7.310095758606723,4.0,26.0,730.8684210526316,799.1170183413502,121,0,1,0,0,0,1,0,0,1,0,0,1,0.0,2978.0,10.0,0.0,0.0,2988.0,0.0033467202141900937,0.9966532797858099,157.623,18.893181832600572,3335.6421135820983,724.5722876290536,0.21722123146207245,0.06533520432570344,0.0625,0.017667372396408372,0.1767766952966369,0.08838834764831845,0.0008653792939078015,0.0012576114794914115,0.015371886547533643,52.946926436009406,284.3872300440934,5.371175423899216,0.020154517971111858,90.0,0.030231776956667785,8.0,1221.111111111111,986.0,1126.0617453412524,41255.98511774955,9018.489189809667,691.0,500.0,1.1204709820564658,0.6363498648983789,0.0030231776956667787,0.0,0.4831989247311828,1530.0,0.5156723963599595,0.40762831623115053,0.57051974068121
rdrkop6n2o5qgtbpm4o4as05mu,moderate_bot,train,1,82,16,16,28,54,0,0.34146341463414637,0.6585365853658537,2,82,0,0,0,0.0,96.0,1.1851851851851851,2.0,1.1011902775791487,0.0,4.0,0.8541666666666666,-0.03673714530879487,0.9291292967074067,40,0.49382716049382713,0.4074074074074074,0,7,8,0.0,0.8048780487804879,0.1951219512195122,0.5487804878048781,0.3844808407778247,0.23170731707317074,0.7682926829268293,0.12195121951219512,9,7,10.875,10.5,6.845390785046534,1.0,23.0,764.4268292682926,783.5260362770932,121,0,1,0,0,0,1,0,0,1,0,0,1,0.0,1969.0,9.0,0.0,0.0,1978.0,0.00455005055611729,0.9954499494438828,92.1,21.378935939196527,2126.8275605729696,186.560981987124,0.08771796333919252,0.06403350660922041,0.058823529411764705,0.016729025094394192,0.1767766952966369,0.08838834764831845,0.0006300846705493279,0.001081055702872733,0.00950986841652952,46.798780487804876,234.86214638249146,5.018552704459752,0.02693089430894309,51.0,0.025914634146341462,4.0,1177.2549019607843,985.0,903.384070128672,17023.744272898282,6242.815979835753,461.0,440.0,1.0807050612667528,0.18660244637048323,0.005589430894308943,0.0,0.6954753431621759,592.0,0.30265848670756645,0.24051814922038423,0.44182094164140423
s22ulplav9a7svordh7cc4olt7,moderate_bot,train,1,169,14,14,52,117,0,0.3076923076923077,0.6923076923076923,2,169,0,0,0,0.0,216.0,1.2857142857142858,2.0,0.9202927661946518,0.0,3.0,0.7824074074074074,-0.16564839137908535,0.7157832625958402,76,0.4523809523809524,0.2916666666666667,0,6,6,0.0,0.9171597633136095,0.08284023668639054,0.5976331360946746,0.2883550038495464,0.21893491124260356,0.7810650887573964,0.09467455621301775,15,5,14.857142857142858,14.5,5.221619109284876,7.0,23.0,697.0828402366864,698.7765506180843,121,0,1,0,0,0,1,0,0,1,0,0,1,0.0,2301.0,16.0,0.0,0.0,2317.0,0.0069054812257229176,0.9930945187742771,213.273,10.788988760883937,2627.2205991124056,358.7199464763564,0.13653971295655504,0.06269211187855277,0.058823529411764705,0.022235688603797512,0.2138460855247317,0.08838834764831845,0.0006654235325753131,0.0011133520237623712,0.00957478509825828,92.72739130434783,347.25092548431957,3.7448581330685786,0.03782608695652174,157.0,0.06826086956521739,14.0,1131.2038216560509,985.0,780.0951741612853,4456.441647255383,8885.299561949992,254.0,458.0,1.142269825701046,1.1133586445435537,0.005652173913043478,0.0,0.6533275337103088,781.0,0.3416447944006999,0.2774971636563639,0.4869601701232064
qe370ks533bvqh8n9ra33968bn,moderate_bot,train,1,155,18,18,50,105,0,0.3225806451612903,0.6774193548387096,2,155,0,0,0,0.0,196.0,1.2727272727272727,2.0,1.1803187290910921,0.0,10.0,0.7908163265306123,-0.03767093791460945,0.927393287143001,68,0.44155844155844154,0.35064935064935066,0,6,9,0.0,0.8838709677419355,0.11612903225806452,0.5870967741935483,0.311296778718712,0.23225806451612904,0.7677419354838709,0.0967741935483871,14,8,14.384615384615385,14.0,4.412193969138458,9.0,24.0,771.7032258064517,1008.0891996771529,121,0,1,0,0,0,1,0,0,1,0,0,1,0.0,4738.0,14.0,0.0,0.0,4752.0,0.002946127946127946,0.9970538720538721,192.459,24.618230376339895,5424.748842471889,238.10081898221182,0.04389158390487194,0.0680282694333487,0.0625,0.017491466199031573,0.1767766952966369,0.08838834764831845,0.0008768995510216158,0.0012269408865754846,0.00957478509825828,40.62887903736542,242.6948918884221,5.973457738403792,0.014988389275913025,100.0,0.021110407430863416,7.0,1147.32,986.0,1240.1332176826809,26608.908598354537,10720.746462948942,598.0,528.0,1.1451865827468626,0.21137706605785997,0.0037998733375554147,0.0,0.5016891891891891,2344.0,0.49682068673166596,0.39369789241944997,0.5633048709269501
tr5fbeta11pirki760fvndcfmb,moderate_bot,train,1,152,18,18,40,112,0,0.2631578947368421,0.7368421052631579,2,152,0,0,0,0.0,211.0,1.3973509933774835,2.0,1.0104059258940412,0.0,5.0,0.7203791469194313,-0.16070769619074082,0.7230867052606645,56,0.3708609271523179,0.2980132450331126,0,6,10,0.0,0.881578947368421,0.11842105263157894,0.6381578947368421,0.2876412791153533,0.16447368421052633,0.8355263157894737,0.10526315789473684,15,9,14.714285714285714,11.0,6.994166665653513,8.0,30.0,713.7631578947369,735.5838330773486,121,0,1,0,0,0,1,0,0,1,0,0,1,0.0,3702.0,15.0,0.0,0.0,3717.0,0.004035512510088781,0.9959644874899112,210.08,17.62185833968012,4219.345049236197,496.5178748041202,0.11767652775731197,0.06553234001249134,0.0625,0.018206300622382106,0.18718865944255667,0.08838834764831845,0.0008531436307942451,0.0012108639391239782,0.009577102169824133,56.76303701702243,276.4605962452279,4.8704334858320095,0.02053499054309646,125.0,0.03377465549851392,10.0,1205.128,986.0,947.5719031376985,25690.40864393245,14715.811990379434,644.0,637.0,1.1400554037385024,0.8348840095958139,0.004323155903809781,0.0,0.4962162162162162,1847.0,0.501357220412595,0.3984126831801145,0.5679408845774904
b29vltsdmop45jv4bjp64gc73o,moderate_bot,train,1,151,18,18,37,114,0,0.24503311258278146,0.7549668874172185,2,151,0,0,0,0.0,209.0,1.3933333333333333,2.0,0.8936566579073991,0.0,3.0,0.722488038277512,-0.21848660350054738,0.6413803764885639,57,0.38,0.25333333333333335,0,6,10,0.0,0.880794701986755,0.11920529801324503,0.6688741721854304,0.2692651253999289,0.17880794701986755,0.8211920529801324,0.0728476821192053,10,9,18.555555555555557,19.0,8.288024977320674,3.0,35.0,653.1258278145696,635.3358740926589,121,0,1,0,0,0,1,0,0,1,0,0,1,0.0,3934.0,13.0,0.0,0.0,3947.0,0.0032936407398023817,0.9967063592601976,208.698,18.850204601864895,4440.721489533692,337.7158568974812,0.07604977202318172,0.06449522568892879,0.058823529411764705,0.019425600815308756,0.5686361819634911,0.08838834764831845,0.0008201486050676354,0.0012561889626909821,0.018643809244704625,53.06331045003814,239.21713003086313,4.5081456094997785,0.02008644800406814,136.0,0.03457920162725655,7.0,1071.5294117647059,985.0,761.8020908382547,29718.41093374952,11297.012278407137,620.0,642.0,1.1290926746843866,0.9392985107566606,0.0025425883549453345,0.0,0.5356052899287894,1813.0,0.46226415094339623,0.3682680322508688,0.5490343407774859
smjle8311adgengdcgqfh70ua0,moderate_bot,train,1,121,17,17,34,87,0,0.2809917355371901,0.71900826446281,2,121,0,0,0,0.0,165.0,1.375,2.0,1.0005206977702494,0.0,5.0,0.7333333333333333,-0.1576409342933743,0.7276514165601814,46,0.38333333333333336,0.3,0,7,8,0.0,0.859504132231405,0.14049586776859505,0.6198347107438017,0.3121138852363451,0.19834710743801653,0.8016528925619835,0.09090909090909091,10,7,17.77777777777778,18.0,7.3903507325848405,5.0,29.0,737.3140495867768,1025.9343093775453,121,0,1,0,0,0,1,0,0,1,0,0,1,0.0,1610.0,12.0,0.0,0.0,1622.0,0.007398273736128237,0.9926017262638718,162.684,9.896486439969511,1882.5920986358155,592.0413836886743,0.31448202938793046,0.0639348177980544,0.0625,0.0236049442469772,0.1767766952966369,0.08838834764831845,0.0007790723866698258,0.0012061951375020759,0.007562408527070195,101.10876320696084,392.6518723141978,3.883460343694182,0.04226227470478558,121.0,0.07520198881292728,8.0,1141.8347107438017,984.0,937.4668377350824,1094.6946661008446,13337.807948767408,167.0,568.0,1.170038594553024,1.160863405021629,0.00870105655686762,0.0,0.5727611940298507,675.0,0.4234629861982434,0.3394851534384203,0.5331103184764571
aukl3llmaggljgm2dv21pgl802,moderate_bot,train,1,231,22,22,62,169,0,0.2683982683982684,0.7316017316017316,2,231,0,0,0,0.0,316.0,1.373913043478261,2.0,0.9460294100145495,0.0,4.0,0.7310126582278481,-0.18443717550817146,0.6885657098207164,85,0.3695652173913043,0.29130434782608694,0,7,13,0.0,0.9047619047619048,0.09523809523809523,0.6536796536796536,0.25955296857964183,0.19047619047619047,0.8095238095238095,0.08225108225108226,18,12,18.0,17.0,8.138506872740667,5.0,34.0,682.6883116883117,839.1772035993782,121,0,1,0,0,0,1,0,0,1,0,0,1,0.0,6459.0,18.0,0.0,0.0,6477.0,0.002779064381658175,0.9972209356183418,310.402,20.808499945232313,7540.551339888334,654.1941607810329,0.08675680746584781,0.0642861438308574,0.058823529411764705,0.01674494167565818,0.19417331091429385,0.08838834764831845,0.0007361179383461356,0.001141964755374438,0.009577102169824133,48.064725921337875,235.51355788323565,4.899925119071191,0.01486528336946423,178.0,0.027562712914214926,13.0,1155.8820224719102,985.0,865.9752264486992,92537.56231737048,23093.685781245094,1151.0,713.0,1.1676295044732632,3.6749179098019384,0.0026323939300092907,1.0,0.5832429921015951,2670.0,0.41459627329192544,0.3298497572785778,0.5188964331807682
sq6gghu3613fgq6t6h9bcr80ie,moderate_bot,train,1,137,15,15,34,103,0,0.24817518248175183,0.7518248175182481,2,137,0,0,0,0.0,195.0,1.4338235294117647,2.0,1.041084035444849,0.0,5.0,0.7025641025641025,-0.15868855045084057,0.7260893785666639,46,0.3382352941176471,0.3014705882352941,0,7,7,0.0,0.8905109489051095,0.10948905109489052,0.656934306569343,0.27559817671923004,0.15328467153284672,0.8467153284671532,0.10218978102189781,13,6,15.666666666666666,18.0,7.156970184527963,4.0,28.0,666.7299270072992,643.7355001969855,121,0,1,0,0,0,1,0,0,1,0,0,1,0.0,2978.0,13.0,0.0,0.0,2991.0,0.0043463724506853894,0.9956536275493146,192.191,15.49500236743656,3129.3717164502536,297.5449545866977,0.0950813714531211,0.061459728391541645,0.058823529411764705,0.01724929687300221,0.1767766952966369,0.08838834764831845,0.0004894064890101503,0.0009204045233534683,0.008530743921848542,64.55861605643265,290.8138846283124,4.504648680419406,0.027544507893852873,125.0,0.041988579106483036,10.0,1159.264,985.0,873.5794058378436,59447.014070048506,6481.248241751352,808.0,453.0,1.0511829749580965,0.15708305267935654,0.004030903594222372,0.0,0.7903225806451613,609.0,0.2054655870445344,0.1661419191802294,0.3764534834563773
l281lufhl0p948rr5o7mq7rhoi,moderate_bot,train,1,101,15,15,34,67,0,0.33663366336633666,0.6633663366336634,2,101,0,0,0,0.0,118.0,1.18,1.5,0.9734474818910365,0.0,3.0,0.8559322033898306,-0.09591713744863686,0.8249554931279971,50,0.5,0.36,0,7,7,0.0,0.8514851485148515,0.1485148514851485,0.5544554455445545,0.35097030636411414,0.24752475247524752,0.7524752475247525,0.09900990099009901,9,6,13.75,12.0,5.3091901453988255,6.0,25.0,751.2574257425742,790.3646564514577,121,0,1,0,0,0,1,0,0,1,0,0,1,0.0,2552.0,11.0,0.0,0.0,2563.0,0.004291845493562232,0.9957081545064378,114.482,22.291713981237226,2857.808032097588,181.6865432551349,0.06357548905122914,0.06432723747872024,0.058823529411764705,0.016166348952035132,0.20869565217391303,0.08838834764831845,0.0007532054039537762,0.0011327356896148,0.00957478509825828,44.87730301842415,237.33698533588907,5.28857505626957,0.020384163073304585,61.0,0.02391219129753038,5.0,1194.27868852459,987.0,1000.7380248915567,35506.89929574567,15693.463446058657,676.0,561.0,1.1202697107399404,0.9359085546307558,0.004704037632301058,0.0,0.5831372549019608,1051.0,0.4141055949566588,0.32764909870191256,0.5128785673758838
7viehtkjnmi6q1dque68cpudao,moderate_bot,train,1,151,15,15,37,114,0,0.24503311258278146,0.7549668874172185,2,151,0,0,0,0.0,219.0,1.46,2.0,0.9354499808470075,0.0,4.0,0.6894977168949772,-0.21897765486529458,0.6407191649637037,47,0.31333333333333335,0.26666666666666666,0,7,7,0.0,0.9006622516556292,0.09933774834437085,0.6821192052980133,0.2574324410653862,0.17880794701986755,0.8211920529801324,0.0728476821192053,10,6,20.11111111111111,18.0,7.38533749239283,12.0,31.0,623.0,496.64902260613496,121,0,1,0,0,0,1,0,0,1,0,0,1,0.0,4179.0,11.0,0.0,0.0,4190.0,0.0026252983293556086,0.9973747016706443,215.319,19.408412634277514,4448.40862954897,302.0595967685847,0.06790284389840574,0.06205768281518712,0.058823529411764705,0.01789713299614164,0.5686361819634911,0.08838834764831845,0.000535249483158041,0.001096130834480425,0.018954539398783037,51.53638104356151,252.21701647820743,4.89396056477111,0.016993776926759217,131.0,0.03135471517472475,9.0,1132.1984732824428,985.0,907.2278253121262,146850.53761864165,13677.842864890206,1201.0,642.0,1.064722027177829,0.6671677571910573,0.002632838678793681,0.0,0.7562844146516638,1007.0,0.24171867498799807,0.19322041101832502,0.39963760195026043
m1e1mgb7hbmqovglk2rp4f7en9,moderate_bot,train,1,128,17,17,38,90,0,0.296875,0.703125,2,128,0,0,0,0.0,162.0,1.2755905511811023,2.0,0.9447506470532687,0.0,3.0,0.7901234567901234,-0.14900408297198625,0.7406378529368218,52,0.4094488188976378,0.33070866141732286,0,6,8,0.0,0.8671875,0.1328125,0.6171875,0.3092468638134092,0.21875,0.78125,0.0859375,10,7,15.444444444444445,17.0,6.431020501550125,2.0,26.0,726.2421875,966.3658464358697,121,0,1,0,0,0,1,0,0,1,0,0,1,0.0,5228.0,11.0,0.0,0.0,5239.0,0.0020996373353693453,0.9979003626646307,161.577,32.356090285127216,5907.268611731534,337.02818873204063,0.05705313417824269,0.06729590832301414,0.0625,0.015283558780354842,0.1767766952966369,0.08838834764831845,0.0008592462485127139,0.0011883529465073859,0.00957478509825828,30.911995408456093,161.46593106461918,5.22340693090455,0.011670174096039793,65.0,0.012435431413812894,5.0,1157.5230769230768,987.0,900.1040983847336,75181.09342589254,11356.568316262734,1055.0,568.0,1.1301451332947263,0.36330886084626624,0.0028697149416491295,0.0,0.49349406812093377,2634.0,0.5054691997697179,0.3992553703396355,0.5648172759064003
ntq39vmdijl66047lvvr8qeuh8,moderate_bot,train,1,106,15,15,34,72,0,0.32075471698113206,0.6792452830188679,2,106,0,0,0,0.0,123.0,1.1714285714285715,2.0,0.9507605262269214,0.0,3.0,0.8617886178861789,-0.10398133014887082,0.811624839462006,49,0.4666666666666667,0.37142857142857144,0,7,7,0.0,0.8584905660377359,0.14150943396226415,0.5849056603773585,0.3331465736287082,0.2358490566037736,0.7641509433962264,0.09433962264150944,9,6,14.625,11.5,6.537153432496441,8.0,25.0,697.5471698113207,661.3430607494297,121,0,1,0,0,0,1,0,0,1,0,0,1,0.0,4133.0,10.0,0.0,0.0,4143.0,0.0024137098720733766,0.9975862901279267,121.282,34.07760426114345,4428.903468489578,382.10208060150626,0.08627464638144787,0.06342155974736575,0.058823529411764705,0.014704383814882782,0.5323402554551832,0.08838834764831845,0.0005413321005117441,0.00095496830321809,0.016899690649370892,29.35188770571152,139.16872586287204,4.741389285016633,0.011132623426911906,48.0,0.011616650532429816,4.0,1106.5625,986.0,701.7785413460218,107217.26723791774,3097.15091148188,1174.0,351.0,1.071854663235619,0.5295843875100953,0.002420135527589545,0.0,0.7312999273783588,1096.0,0.2659548653239505,0.2113580595020068,0.4146929117661872
h9gaeo351pqnmpu055ot9s5mtd,moderate_bot,train,1,93,17,17,34,59,0,0.3655913978494624,0.6344086021505376,2,93,0,0,0,0.0,94.0,1.0217391304347827,1.0,0.9997636771797321,0.0,4.0,0.9893617021276596,-0.010870849732325043,0.9784921095801633,50,0.5434782608695652,0.45652173913043476,0,9,9,0.0,0.8172043010752688,0.1827956989247312,0.5268817204301075,0.3831229534398979,0.25806451612903225,0.7419354838709677,0.11827956989247312,10,8,9.88888888888889,7.0,6.607141665474891,0.0,21.0,803.6129032258065,845.9006656680161,121,0,1,0,0,0,1,0,0,1,0,0,1,0.0,2014.0,10.0,0.0,0.0,2024.0,0.004940711462450593,0.9950592885375494,94.044,21.41550763472417,2356.2427749821363,272.0900586203031,0.11547624103478299,0.06804727112147528,0.0625,0.020545937642090038,0.1767766952966369,0.08939664495262709,0.0011372804677280352,0.0015762032575442086,0.00957478509825828,46.71833084947839,235.36934995018365,5.038051353087062,0.03378042722305018,53.0,0.026328862394436166,3.0,1132.5849056603774,985.0,943.326159284809,3558.8416743175135,23766.494079921187,230.0,684.0,1.1705130526488505,0.8125282911269608,0.004967709885742673,0.0,0.34642147117296224,1306.0,0.6523476523476524,0.5174142319386573,0.6465473023711368
f9gd6pgmkcgvpb3lfnmr1rp86k,moderate_bot,train,1,117,18,18,52,65,0,0.4444444444444444,0.5555555555555556,2,117,0,0,0,0.0,88.0,0.7586206896551724,0.0,0.9342218747685562,0.0,2.0,1.3295454545454546,0.1037315511812886,1.2314742894676423,76,0.6551724137931034,0.5862068965517241,0,9,10,0.0,0.8461538461538461,0.15384615384615385,0.42735042735042733,0.3964406857500456,0.3162393162393162,0.6837606837606838,0.13675213675213677,15,9,5.857142857142857,6.0,3.2482334288291637,0.0,13.0,859.4102564102565,910.2301029062302,121,0,1,0,0,0,1,0,0,1,0,0,1,0.0,4796.0,15.0,0.0,0.0,4811.0,0.0031178549158179174,0.996882145084182,87.976,54.514867691188506,5878.024962025654,370.19589408852175,0.06297963967151082,0.06770225603442884,0.0625,0.035064436114214205,2.1403688523835362,0.08838834764831845,0.0008866466779457966,0.0013722275693503299,0.031945803766918454,18.34744525547445,79.32083865204588,4.3232634052077845,0.010218978102189781,2.0,0.0004171011470281543,1.0,2842.0,2842.0,2641.0,24111.500663735973,21585.714043526335,627.0,718.0,1.2258654769605117,4.562652305829091,0.00291970802919708,1.0,0.5125156445556946,2321.0,0.4855648535564854,0.3869465435409144,0.5635177593715285
1u41k0lehrsbt97q0pe4knpa6c,moderate_bot,train,1,85,15,15,41,44,0,0.4823529411764706,0.5176470588235295,2,85,0,0,0,0.0,43.0,0.5119047619047619,0.0,0.823668443741424,0.0,2.0,1.9767441860465116,0.23343062028997696,1.6090267273088283,66,0.7857142857142857,0.7023809523809523,0,9,7,0.0,0.8235294117647058,0.17647058823529413,0.3411764705882353,0.4526159455759063,0.3058823529411765,0.6941176470588235,0.18823529411764706,15,6,2.7857142857142856,2.5,2.30460940070024,0.0,8.0,971.4588235294118,1052.8826598264984,121,0,1,0,0,0,1,0,0,1,0,0,1,0.0,2484.0,15.0,0.0,0.0,2499.0,0.006002400960384154,0.9939975990396158,42.733,58.12837853649405,2778.5891039679564,456.20718977236646,0.1641866331084654,0.0669846142465725,0.0625,0.013680677721165812,0.15713484026367724,0.08838834764831845,0.0007454332609371243,0.0010734618905783029,0.005499719409228704,17.210229561014902,7.264638593220784,0.42211166140844797,0.010068465565847765,0.0,0.0,0.0,,,,17866.39716731364,7875.878614274674,499.0,453.0,1.1190451485976465,0.21012753665007802,0.006041079339508659,0.0,0.5878323932312651,1008.0,0.4085934333198216,0.32727576488551957,0.5215781993553416
f76c77gidobkhj3onqhf4s3n4d,moderate_bot,train,1,65,15,15,30,35,0,0.46153846153846156,0.5384615384615384,2,65,0,0,0,0.0,33.0,0.515625,0.0,0.8290089621801443,0.0,2.0,1.9696969696969697,0.23306265570745666,1.6077749569554314,50,0.78125,0.703125,0,13,7,0.0,0.7692307692307692,0.23076923076923078,0.36923076923076925,0.4760241404686167,0.2923076923076923,0.7076923076923076,0.18461538461538463,11,6,2.4,1.5,2.1540659228538015,0.0,6.0,822.2307692307693,811.1625611378498,121,0,1,0,0,0,1,0,0,1,0,0,1,0.0,1866.0,11.0,0.0,0.0,1877.0,0.005860415556739478,0.9941395844432606,31.989,58.3325518146863,2005.3595231414336,302.8663071389751,0.1510284333776366,0.06449573368720715,0.058823529411764705,0.012204879717028636,0.125,0.08838834764831845,0.0006987111633181447,0.0010511373458045765,0.0053568695544435425,17.152278820375336,6.907227159445299,0.40270026110117485,0.0160857908847185,0.0,0.0,0.0,,,,12690.803729857587,8807.40186952391,410.0,440.0,1.0752597979310636,0.1848374756980232,0.005898123324396783,0.0,0.6228540772532188,692.0,0.3734484619535888,0.2979681105603919,0.4953198772565153
0ogg5l1i4nh37ek8mjpn8q9fc0,moderate_bot,train,1,49,13,13,24,25,0,0.4897959183673469,0.5102040816326531,2,49,0,0,0,0.0,25.0,0.5208333333333334,0.0,0.8162307510066554,0.0,2.0,1.96,0.22092988745497436,1.5671630419327782,38,0.7916666666666666,0.6875,0,9,5,0.0,0.7346938775510203,0.2653061224489796,0.32653061224489793,0.5181446349042879,0.32653061224489793,0.6734693877551021,0.1836734693877551,8,4,2.5714285714285716,3.0,1.2936264483053452,0.0,4.0,924.204081632653,973.1870005001731,121,0,1,0,0,0,1,0,0,1,0,0,1,0.0,1433.0,9.0,0.0,0.0,1442.0,0.0062413314840499305,0.9937586685159501,24.628,58.18580477505279,1542.5229628168331,458.9814811078983,0.2975524463310048,0.06199849491967187,0.058823529411764705,0.014092839223654095,0.3790907879756607,0.0831890330807703,0.0004389073261023017,0.0008672526114429987,0.00913471778254604,17.19832402234637,7.067594431335708,0.4109466958613259,0.01606145251396648,0.0,0.0,0.0,,,,68.17468708135277,11078.004786000802,48.0,458.0,1.077180839955889,1.106236706280545,0.006983240223463687,0.0,0.8322851153039832,232.0,0.16326530612244897,0.13756804033196204,0.3660530479055238
9cuovso04bhmsmeovv59e513qh,moderate_bot,train,1,130,20,20,53,77,0,0.4076923076923077,0.5923076923076923,2,130,0,0,0,0.0,111.0,0.8604651162790697,0.0,0.9624273740566162,0.0,2.0,1.1711711711711712,0.05593432323525018,1.118496677957689,77,0.5968992248062015,0.5426356589147286,0,6,11,0.0,0.8461538461538461,0.15384615384615385,0.47692307692307695,0.37943524204599743,0.2923076923076923,0.7076923076923076,0.12307692307692308,15,10,7.571428571428571,4.0,6.020373573058708,1.0,18.0,1016.0307692307692,2807.1932682320075,121,0,1,0,0,0,1,0,0,1,0,0,1,0.0,6085.0,15.0,0.0,0.0,6100.0,0.002459016393442623,0.9975409836065574,110.215,55.210270834278454,7112.433421572083,233.18876473792642,0.03278607347390593,0.06464144281453008,0.058823529411764705,0.011570108549535617,0.25,0.08838834764831845,0.0005661302193225102,0.0008945545031872029,0.005952077282715047,18.115548980933596,75.45077091194958,4.1649729186435716,0.004273504273504274,2.0,0.0003287310979618672,2.0,3841.0,3841.0,1625.0,83088.03341179363,13640.252240452803,1084.0,718.0,1.1690390239270354,4.34757725301387,0.0026298487836949377,2.0,0.7040933749794509,1782.0,0.2937201252678424,0.23404038144759257,0.4390232657667163
sd8qtd5qblkhbiq3el51h7p58q,moderate_bot,train,1,152,19,19,46,106,0,0.3026315789473684,0.6973684210526315,2,152,0,0,0,0.0,186.0,1.2317880794701987,2.0,0.9521235145073188,0.0,3.0,0.8172043010752689,-0.12805672433540777,0.7729604875838986,67,0.44370860927152317,0.3443708609271523,0,8,11,0.0,0.875,0.125,0.5986842105263158,0.3070445531590894,0.21710526315789475,0.7828947368421053,0.09210526315789473,13,10,14.833333333333334,13.5,9.190877119308157,3.0,27.0,708.171052631579,702.6286150883674,121,0,1,0,0,0,1,0,0,1,0,0,1,0.0,5863.0,15.0,0.0,0.0,5878.0,0.0025518883974140864,0.997448111602586,183.69,31.91790516631281,6139.260295864078,654.0558080164108,0.10653658201412924,0.06177282275520316,0.058823529411764705,0.012784774572865313,0.38128292537981945,0.0831890330807703,0.000435272360497972,0.0008141271997070168,0.009523057941386408,31.335721596724667,177.66637475862834,5.669771293130161,0.011770726714431934,69.0,0.011770726714431934,5.0,1251.2463768115942,987.0,1083.6349645521393,50312.00570947837,6745.614589584588,812.0,642.0,1.0472979010344725,0.543778680971181,0.00255885363357216,0.0,0.8179491554342262,1046.0,0.17892576120424222,0.1444240550209129,0.35121087231022996
0pcr6mashfodserb90cq3p04uf,moderate_bot,train,1,194,17,17,45,149,0,0.23195876288659795,0.7680412371134021,2,194,0,0,0,0.0,280.0,1.450777202072539,2.0,0.9098835073750968,0.0,5.0,0.6928571428571428,-0.22912809644042587,0.6271697032978346,63,0.32642487046632124,0.24870466321243523,0,6,9,0.0,0.9123711340206185,0.08762886597938144,0.6907216494845361,0.24425795135186698,0.15463917525773196,0.845360824742268,0.08247422680412371,15,8,18.642857142857142,18.5,10.674449754016383,3.0,40.0,639.2886597938144,621.3449738022655,121,0,1,0,0,0,1,0,0,1,0,0,1,0.0,6089.0,15.0,0.0,0.0,6104.0,0.0024574049803407602,0.9975425950196593,278.649,21.851863814332727,7157.343432811452,186.78329689776868,0.026096735283303148,0.06555811700645685,0.0625,0.016719091790304712,0.1767766952966369,0.08838834764831845,0.0007768964805512536,0.0011431335260403532,0.00957478509825828,45.77020367936925,249.9826358999154,5.461689391882565,0.014126149802890934,154.0,0.025295663600525625,10.0,1168.7727272727273,985.0,1084.5969238883847,88932.38007740928,16575.18317012273,1151.0,718.0,1.1756477386352582,3.7708135791953312,0.002792378449408673,1.0,0.5524889107934944,2708.0,0.44612850082372324,0.3538019841359483,0.5351981180813725
3qfgfasvf42im2b2pba7hlhvdq,moderate_bot,train,1,130,16,16,31,99,0,0.23846153846153847,0.7615384615384615,2,130,0,0,0,0.0,178.0,1.37984496124031,2.0,0.9081354818981378,0.0,3.0,0.7303370786516854,-0.20616849272326965,0.6581431301396616,46,0.35658914728682173,0.27906976744186046,0,6,8,0.0,0.8769230769230769,0.12307692307692308,0.676923076923077,0.2709643089589252,0.17692307692307693,0.823076923076923,0.06923076923076923,8,7,22.142857142857142,24.0,5.329930887479323,12.0,29.0,616.0846153846154,509.2549011827949,121,0,1,0,0,0,1,0,0,1,0,0,1,0.0,3961.0,11.0,0.0,0.0,3972.0,0.0027693856998992953,0.9972306143001007,172.209,23.001120731204523,4260.894023244449,817.7945952377039,0.19193028288814276,0.06293150831745008,0.058823529411764705,0.015554963694196754,0.1767766952966369,0.08838834764831845,0.0006247603691101563,0.0010449715540279704,0.009577102169824133,43.48712121212121,184.19308006336104,4.235577682066035,0.019444444444444445,106.0,0.026767676767676767,5.0,1020.8962264150944,985.5,534.529963317187,67284.12189677429,13123.386096235825,864.0,642.0,1.0759833392031437,0.5625853517464501,0.0030303030303030303,0.0,0.6759282647133115,1273.0,0.3225234355206486,0.25567688943285394,0.45429968957311945
eoj0v25cg7p78ojpr26s9tea94,moderate_bot,train,1,166,18,18,47,119,0,0.28313253012048195,0.7168674698795181,2,166,0,0,0,0.0,216.0,1.309090909090909,2.0,1.024654749353118,0.0,4.0,0.7685185185185185,-0.12187967386618842,0.7827223779780762,66,0.4,0.34545454545454546,0,7,10,0.0,0.891566265060241,0.10843373493975904,0.6144578313253012,0.2941916875187574,0.18674698795180722,0.8132530120481928,0.10240963855421686,16,9,14.133333333333333,13.0,7.597075460699042,4.0,28.0,738.1144578313254,779.4279908519461,121,0,1,0,0,0,1,0,0,1,0,0,1,0.0,5105.0,17.0,0.0,0.0,5122.0,0.0033190160093713394,0.9966809839906287,214.689,23.77858204193042,5830.989836611452,403.27162062312294,0.06916006234328735,0.067368888744627,0.0625,0.018253978946431416,0.5439128697042088,0.08838834764831845,0.0007485782957224765,0.0011487730906637884,0.01726707522870504,42.062891849529784,215.00627442716146,5.111542858163353,0.014106583072100314,110.0,0.021551724137931036,9.0,1194.9818181818182,997.0,886.622262315276,41786.53116506354,11062.828375092691,822.0,562.0,1.1424353128157234,0.5159051952168178,0.0037225705329153604,0.0,0.5837742504409171,2108.0,0.4146341463414634,0.32919030858098264,0.5150452089921246
os9be9s5er1ud8569gm26htp0j,moderate_bot,train,1,125,17,17,40,85,0,0.32,0.68,2,125,0,0,0,0.0,158.0,1.2741935483870968,2.0,0.9783025925239193,0.0,4.0,0.7911392405063291,-0.13136135973289845,0.7677817814744683,52,0.41935483870967744,0.3387096774193548,0,6,9,0.0,0.864,0.136,0.592,0.32057339394619666,0.232,0.768,0.096,11,8,15.2,14.5,7.95989949685296,4.0,32.0,773.96,858.4343273658154,121,0,1,0,0,0,1,0,0,1,0,0,1,0.0,3162.0,11.0,0.0,0.0,3173.0,0.0034667507091080997,0.9965332492908919,155.118,20.38448149150969,3475.0770210846445,234.17087777945403,0.06738580939606466,0.0639776542209975,0.058823529411764705,0.016776725889999938,0.1767766952966369,0.08838834764831845,0.0005711622874916717,0.000975805134897017,0.009577102169824133,49.072445428661815,240.55316301391727,4.902000723881126,0.02182853527364758,89.0,0.028155646947168617,7.0,1168.4157303370787,987.0,875.0343403725411,54342.19789795087,11332.361008293055,822.0,598.0,1.0993600193244684,0.6402208322115006,0.0031635558367605187,0.0,0.7050632911392405,922.0,0.2926984126984127,0.23310073822297386,0.43549757722974314
uk2rt8k37hf4v8sogabdk01tua,moderate_bot,train,1,168,18,18,44,124,0,0.2619047619047619,0.7380952380952381,2,168,0,0,0,0.0,235.0,1.407185628742515,2.0,0.9423863747499882,0.0,4.0,0.7148936170212766,-0.19782294532860858,0.6696958492904171,60,0.3592814371257485,0.2754491017964072,0,6,9,0.0,0.8928571428571429,0.10714285714285714,0.6607142857142857,0.26946985747621616,0.19047619047619047,0.8095238095238095,0.07738095238095238,12,8,19.636363636363637,19.0,5.897190814627947,10.0,29.0,725.0178571428571,974.3577095244303,121,0,1,0,0,0,1,0,0,1,0,0,1,0.0,3909.0,13.0,0.0,0.0,3922.0,0.0033146353901070884,0.9966853646098929,233.93,16.710126961056726,4317.490708983135,584.1104347638382,0.13528933219207995,0.06405687898407723,0.058823529411764705,0.018654986942380398,0.1767766952966369,0.08838834764831845,0.0007885859985310722,0.0012106581491017937,0.009577102169824133,59.85926305015353,271.3148811577334,4.532546298313266,0.020726714431934492,155.0,0.039662231320368474,8.0,1107.8451612903225,984.0,843.8951329281456,32890.482075558684,9593.452523549799,691.0,572.0,1.1047826788595534,0.5511482033090955,0.0033265097236438077,0.0,0.5485026874840031,1749.0,0.4491525423728814,0.3572008596242633,0.5396672059588788
vllcsfvm4m4b6559eckqpg3mvq,moderate_bot,train,1,174,18,18,38,136,0,0.21839080459770116,0.7816091954022989,2,174,0,0,0,0.0,245.0,1.416184971098266,2.0,0.8802084687417251,0.0,3.0,0.710204081632653,-0.23339924816798238,0.6215349595604834,59,0.34104046242774566,0.2543352601156069,0,9,9,0.0,0.896551724137931,0.10344827586206896,0.6954022988505747,0.246456429102157,0.16091954022988506,0.8390804597701149,0.06321839080459771,10,8,23.22222222222222,23.0,4.848316495393651,17.0,34.0,644.8620689655172,829.8184495032328,121,0,1,0,0,0,1,0,0,1,0,0,1,0.0,5083.0,15.0,0.0,0.0,5098.0,0.0029423303256178894,0.9970576696743821,243.226,20.89825923215446,5578.764878962831,182.8879438344693,0.032782873593423544,0.0642915427341354,0.058823529411764705,0.0197760113788565,0.686309265683675,0.08838834764831845,0.0007466054856059678,0.0012160936981177508,0.024463108458183332,47.86029122392759,219.31336123126445,4.5823657905704405,0.015545060999606454,149.0,0.029319165682802045,9.0,1083.7852348993288,985.0,731.3696956589741,90210.31073578558,10012.268980061803,1061.0,572.0,1.0977498777967003,0.5854579629148646,0.003148366784730421,0.0,0.5892540838417635,2072.0,0.4090819348469891,0.3245156536376041,0.513149449459061
tes9ba915l9f7e3i12vdgj7bte,moderate_bot,train,1,151,17,17,38,113,0,0.25165562913907286,0.7483443708609272,2,151,0,0,0,0.0,209.0,1.3933333333333333,2.0,0.9084541204094397,0.0,4.0,0.722488038277512,-0.21065333905416242,0.6520005648871577,56,0.37333333333333335,0.26,0,6,8,0.0,0.8874172185430463,0.11258278145695365,0.6688741721854304,0.2702588739873157,0.18543046357615894,0.814569536423841,0.0728476821192053,10,7,18.88888888888889,17.0,6.367355014175291,7.0,27.0,717.0927152317881,983.4201526824125,121,0,1,0,0,0,1,0,0,1,0,0,1,0.0,3636.0,12.0,0.0,0.0,3648.0,0.003289473684210526,0.9967105263157895,203.419,17.874436507897492,3950.6824843939226,268.9851297005097,0.0680857372778149,0.06298731943905057,0.058823529411764705,0.01985313099100907,0.5337960955317472,0.08838834764831845,0.0006158053757891883,0.0011460793134888435,0.01721922888812088,55.96121045392022,231.34295657587964,4.133987715765599,0.023108665749656122,138.0,0.03796423658872077,6.0,1054.1811594202898,985.0,611.3667894474114,35366.90515696233,6923.703806271717,609.0,440.0,1.086845250177145,0.680079999112982,0.003301237964236589,0.0,0.7074848651623555,1050.0,0.28989508558807286,0.2335147810107274,0.4456905987345474
77ac9gmq9m61tv68pqdpg1holt,moderate_bot,train,1,128,18,18,37,91,0,0.2890625,0.7109375,2,128,0,0,0,0.0,168.0,1.3228346456692914,2.0,1.0565274404862681,0.0,6.0,0.7619047619047619,-0.11192378273678708,0.7986844341771193,50,0.3937007874015748,0.33858267716535434,0,7,9,0.0,0.859375,0.140625,0.609375,0.3183733613287789,0.1953125,0.8046875,0.1015625,12,8,14.454545454545455,16.0,7.3653196729196715,2.0,25.0,774.5859375,1066.0660562857943,121,0,1,0,0,0,1,0,0,1,0,0,1,0.0,2958.0,13.0,0.0,0.0,2971.0,0.0043756311006395154,0.9956243688993605,163.542,18.087096892541364,3297.123814600111,659.0637298471219,0.19989050060197872,0.06496465805036473,0.058823529411764705,0.02053640285342266,0.5559998223643023,0.08838834764831845,0.0007632493349589603,0.001267655931360372,0.017935478140783948,55.30672979370984,265.95372676566666,4.808704614386985,0.023334460601961447,99.0,0.03347987825498817,8.0,1168.4242424242425,985.0,911.0196761439325,32636.99542844813,15824.87522634896,650.0,642.0,1.1150232717619584,0.6270398479063888,0.00439634764964491,0.0,0.5767929634641408,1239.0,0.42099898063200814,0.33545548467230457,0.5245737819261329
g2gh9qmk9krld14h5uojlg7g10,human,test,1,212,17,17,29,183,0,0.13679245283018868,0.8632075471698113,2,212,0,0,0,0.0,336.0,1.5924170616113744,2.0,0.7937787343713493,0.0,3.0,0.6309523809523809,-0.3346910293717605,0.4984741456915318,53,0.25118483412322273,0.17535545023696683,0,5,9,0.0,0.9198113207547169,0.08018867924528301,0.8113207547169812,0.16598005523387382,0.08490566037735849,0.9150943396226415,0.05660377358490566,11,8,32.1,31.0,19.59821420436056,6.0,71.0,627.1367924528302,682.4730454039332,133,0,1,1,0,0,0,0,0,1,0,0,1,0.0,10079.0,11.0,0.0,0.0,10090.0,0.0010901883052527254,0.9989098116947472,334.668,30.116413878829167,90902.14146925628,577.6313703392502,0.0063544308308139145,0.5465960357087092,0.29411764705882354,0.8550015662495744,15.051993223490369,1.7803230529907714,0.011560709640349798,0.03278092754666007,1.2539524318210147,33.207779321293906,173.66903354356774,5.229769562826669,0.03353840047628498,205.0,0.020341337566977574,11.0,690.9951219512195,389.0,1014.0910985082976,135538.22842181943,13021.889393663065,1495.0,565.0,9.019859244816063,13.743191783223052,0.0,2.0,0.16741093579438324,1119.0,0.11104495385531409,0.19599910315716743,0.4412310989041343
kaodsjbnqm7umgfvao63d3rihb,human,test,1,298,19,19,36,262,0,0.12080536912751678,0.8791946308724832,2,298,0,0,0,0.0,484.0,1.6296296296296295,2.0,0.7549148930988325,0.0,2.0,0.6157024793388429,-0.3668267579797269,0.4632432298561018,60,0.20202020202020202,0.16835016835016836,0,6,10,0.0,0.9362416107382551,0.06375838926174497,0.8355704697986577,0.14385804921742645,0.07718120805369127,0.9228187919463087,0.04697986577181208,13,9,39.583333333333336,23.0,35.11044083396783,12.0,125.0,682.251677852349,1084.7110308975732,133,0,1,1,0,0,0,0,0,1,0,0,1,0.0,13216.0,13.0,0.0,0.0,13229.0,0.000982689545695064,0.999017310454305,483.146,27.354050328472137,120824.25845220593,511.9501928898943,0.004237147402749464,0.5512370244912873,0.2748737083745107,0.9091417845691904,29.23088169119167,1.9405524413799347,0.011366136577405048,0.032075105522355846,1.5158616185196019,36.56042376087779,163.5019650778172,4.472102570451487,0.03329549754067348,330.0,0.024971623155505107,18.0,678.6515151515151,424.5,797.1994939184075,136984.3188101239,14096.181370601622,1544.0,689.0,9.14296318215709,14.803485732054751,0.0,4.0,0.18215528984410473,1495.0,0.11313758135311033,0.19370931964245655,0.45922208828912037
1aqgqrcuurlmvvbbpirvsh7e53,human,test,1,206,17,17,32,174,0,0.1553398058252427,0.8446601941747572,2,206,0,0,0,0.0,311.0,1.5170731707317073,2.0,0.8298993294882631,0.0,2.0,0.662379421221865,-0.29279160330129084,0.547039750948855,54,0.2634146341463415,0.21951219512195122,0,7,9,0.0,0.9174757281553398,0.0825242718446602,0.7864077669902912,0.18423951384646448,0.0970873786407767,0.9029126213592233,0.06310679611650485,12,8,27.363636363636363,22.0,22.588302392138228,7.0,91.0,623.5873786407767,655.4206309920536,133,0,1,1,0,0,0,0,0,1,0,0,1,0.0,12182.0,12.0,0.0,0.0,12194.0,0.0009840905363293422,0.9990159094636707,310.202,39.271184582949175,125567.99163499569,516.6139758078559,0.004114217079377704,0.6293057090296936,0.3125,1.1113234178919673,36.840874039577294,2.375,0.014542204305668974,0.06290050187805642,3.5511693087326774,25.466053690173222,68.3546141278854,2.684146313343473,0.025203185288564158,188.0,0.015433872424267301,1.0,450.7659574468085,352.5,327.55220228855626,146847.70871854716,15479.70160597975,1464.0,535.0,10.308512571627592,16.541159217245827,0.0,3.0,0.15500821018062397,1169.0,0.09597701149425288,0.17788445841338604,0.4267845529704629
igbeqcjnbst8afmoi4sg6tn669,human,test,1,188,17,17,39,149,0,0.2074468085106383,0.7925531914893617,2,188,0,0,0,0.0,269.0,1.4385026737967914,2.0,0.8653853914073774,0.0,2.0,0.6988847583643123,-0.24876090598551923,0.6015876141010393,58,0.31016042780748665,0.25133689839572193,0,7,8,0.0,0.9095744680851063,0.09042553191489362,0.7393617021276596,0.2201340850814654,0.15425531914893617,0.8457446808510638,0.05851063829787234,10,7,28.333333333333332,24.0,16.832508230603462,7.0,64.0,961.5904255319149,3321.0336681223134,133,0,1,1,0,0,0,0,0,1,0,0,1,0.0,8231.0,10.0,0.0,0.0,8241.0,0.0012134449702705982,0.9987865550297294,267.024,30.82494457427048,80170.57548754851,409.8023914034666,0.0051116309058691235,0.5908852535296226,0.2857142857142857,0.9431526680500925,20.0,1.9750884496492689,0.012831976820637468,0.038078776672069034,1.325095304146285,32.44520048602673,101.76983465097555,3.136668386278121,0.04094775212636695,202.0,0.02454434993924666,6.0,511.3514851485148,371.5,415.5039171548948,126051.8244052811,15025.884379573705,1532.0,714.0,9.741260691075153,14.914285373166775,0.0,0.0,0.15919309758172318,1070.0,0.13002794993316322,0.2194547034247296,0.482715476264933
vopb1c4o3o2dpsov8jinbbou5h,human,test,1,348,18,18,52,296,0,0.14942528735632185,0.8505747126436781,2,348,0,0,0,0.0,547.0,1.5763688760806915,2.0,0.804752140738163,0.0,2.0,0.6361974405850092,-0.32405607690338983,0.5105100417479755,77,0.2219020172910663,0.2017291066282421,0,7,10,0.0,0.9482758620689655,0.05172413793103448,0.8074712643678161,0.15350242958647392,0.10632183908045977,0.8936781609195402,0.04597701149425287,15,9,38.07142857142857,28.0,29.540442703216904,9.0,117.0,629.1580459770115,728.3354039545607,133,0,1,1,0,0,0,0,0,1,0,0,1,0.0,17761.0,15.0,0.0,0.0,17776.0,0.0008438343834383438,0.9991561656165616,544.627,32.61131012601285,181632.2442504136,541.5385489510419,0.0029815110812837337,0.6187149940343492,0.2999423243289873,0.9828076467931854,18.333333333333332,2.275171512269041,0.012639169438620104,0.035771848936827035,1.5744429676313874,30.665934684684686,126.78860025597572,4.134509564428735,0.024774774774774775,355.0,0.01998873873873874,10.0,566.2704225352113,383.0,705.2946443312586,137266.2515864473,13668.946731549377,1480.0,533.0,10.227040779865632,15.977883840549739,0.0,3.0,0.1714623571147024,1807.0,0.10175122473112225,0.180820793256681,0.43566751551863264
mlrcehe439iiene6e485tni66i,human,test,1,204,17,17,42,162,0,0.20588235294117646,0.7941176470588235,2,204,0,0,0,0.0,288.0,1.4187192118226601,2.0,0.9026749165130499,0.0,3.0,0.7083333333333334,-0.2222993023935926,0.6362604446255178,68,0.33497536945812806,0.2660098522167488,0,7,8,0.0,0.9166666666666666,0.08333333333333333,0.7303921568627451,0.22187178980473302,0.14705882352941177,0.8529411764705882,0.06372549019607843,12,7,25.272727272727273,28.0,10.930282447410281,7.0,43.0,844.0049019607843,1420.652672077821,133,0,1,1,0,0,0,0,0,1,0,0,1,0.0,9774.0,13.0,0.0,0.0,9787.0,0.0013282926330847042,0.9986717073669154,287.247,34.02646502835539,110494.56197802475,508.89684612895763,0.004605627978598327,0.6653314253115784,0.35294117647058826,0.9733016294357932,11.441441097801608,2.375,0.013812873083471348,0.03297114967441094,0.8454545454545456,29.39189604011051,140.2455736882095,4.771572868140908,0.030901463214980048,177.0,0.018111122480302874,10.0,612.3785310734463,368.0,724.2359528988385,133786.22329853167,13715.023015850884,1521.0,674.0,11.306104776222732,19.777760701977716,0.0,6.0,0.15309046254604994,933.0,0.09547687269750307,0.1746529021971118,0.4476210491097483
ss0e28413uif2hd88q186t7tj8,human,test,1,284,18,18,46,238,0,0.1619718309859155,0.8380281690140845,2,284,0,0,0,0.0,441.0,1.558303886925795,2.0,0.8145930195572471,0.0,3.0,0.6439909297052154,-0.3134189544167046,0.5227433662918388,68,0.24028268551236748,0.2049469964664311,0,7,9,0.0,0.9366197183098591,0.06338028169014084,0.795774647887324,0.17008740455984817,0.11971830985915492,0.8802816901408451,0.045774647887323945,12,8,39.09090909090909,40.0,24.80269246914553,13.0,100.0,709.2992957746479,1175.1463821911586,133,0,1,1,0,0,0,0,0,1,0,0,1,0.0,13517.0,12.0,0.0,0.0,13529.0,0.0008869835168896445,0.9991130164831103,439.94,30.72464426967314,134134.6130298954,554.5637925432925,0.004134382468600356,0.5994467394445999,0.31338484026367724,0.9312519793052999,23.45392120207379,1.9451915584043205,0.012122542018881991,0.031615982541461335,1.2420857207612421,32.54957087895827,129.3145787155742,3.972850493066557,0.03003847292098254,292.0,0.021604024859425867,12.0,625.9691780821918,390.0,634.3518715943186,142067.95939707255,12452.75472296321,1469.0,544.0,9.92413532331277,15.155138713102275,0.0,3.0,0.16359600443951167,1313.0,0.09715131335553089,0.1773339208420274,0.44109941621818693
i49goovgc8d214dbipv8o6504l,human,test,1,272,17,17,46,226,0,0.16911764705882354,0.8308823529411765,2,272,0,0,0,0.0,417.0,1.5387453874538746,2.0,0.8089517006543959,0.0,2.0,0.6522781774580336,-0.31085513139496734,0.5257216088185642,70,0.25830258302583026,0.2029520295202952,0,7,9,0.0,0.9375,0.0625,0.7830882352941176,0.174550965225072,0.1213235294117647,0.8786764705882353,0.051470588235294115,13,8,33.833333333333336,29.0,15.936505960285718,16.0,71.0,631.0625,715.0520649942727,133,0,1,1,0,0,0,0,0,1,0,0,1,0.0,14193.0,13.0,0.0,0.0,14206.0,0.0009151062931155849,0.9990848937068845,416.201,34.10131162587307,156566.87338439445,177.85949510779568,0.001135996978563433,0.6699763993689022,0.35714285714285715,1.0327069410588892,39.319206502675,2.411764705882353,0.014138145527730977,0.05100273668654814,3.5196687959472137,29.326451521984218,93.17654434089809,3.1772185008830482,0.026916572717023676,268.0,0.018883878241262683,6.0,539.9029850746268,381.5,425.66932140467816,126699.03720603917,18220.629348619656,1466.0,640.0,11.032051394052596,15.949094183867677,0.0,3.0,0.14396448453245014,1400.0,0.09865407652737651,0.18337139916395323,0.4481477793199692
8ikvavmgf5jc51c5goirm6gd5i,human,test,1,186,18,18,41,145,0,0.22043010752688172,0.7795698924731183,2,186,0,0,0,0.0,246.0,1.3297297297297297,2.0,0.9149995908623705,0.0,2.0,0.7560975609756098,-0.18475730461700585,0.6881094484127583,67,0.3621621621621622,0.3081081081081081,0,7,9,0.0,0.9032258064516129,0.0967741935483871,0.7043010752688172,0.2415589471934958,0.14516129032258066,0.8548387096774194,0.08064516129032258,14,8,17.923076923076923,16.0,15.867051194518387,4.0,70.0,831.3279569892474,1392.9163167837803,133,0,1,1,0,0,0,0,0,1,0,0,1,0.0,10497.0,14.0,0.0,0.0,10511.0,0.0013319379697459804,0.998668062030254,245.43,42.76983253880943,137724.1330695329,502.29871590518724,0.0036471365236446346,0.7868115496265686,0.4444444444444444,1.1015511558919144,13.304264737579917,2.7507101355831733,0.015017494509763996,0.03190830224243139,0.5834302443878351,23.383193597560975,63.017678325762105,2.6949987846114944,0.0234375,118.0,0.011242378048780487,3.0,453.59322033898303,322.0,389.6264668664716,140222.8769781926,20113.43757816314,1516.0,689.0,13.121582800069826,18.99104556816531,9.527439024390244e-05,2.0,0.1242496426869938,854.0,0.08137983609681723,0.16060032286275241,0.423796169290505
euj4q1fvb0h7sgca0ngnkb88gs,human,test,1,150,16,16,36,114,0,0.24,0.76,2,150,0,0,0,0.0,194.0,1.3020134228187918,2.0,0.9247143436053602,0.0,2.0,0.7731958762886598,-0.16944104479342217,0.7102187484391684,56,0.37583892617449666,0.3221476510067114,0,7,8,0.0,0.8933333333333333,0.10666666666666667,0.6866666666666666,0.25872364810190224,0.16666666666666666,0.8333333333333334,0.08,11,7,18.7,18.5,8.764131445842194,7.0,36.0,713.8333333333334,821.5499288269432,133,0,1,1,0,0,0,0,0,1,0,0,1,0.0,8247.0,11.0,0.0,0.0,8258.0,0.001332041656575442,0.9986679583434246,193.492,42.62191718520663,89861.54432210041,449.8822068052925,0.00500639300380518,0.6551137596439872,0.35294117647058826,0.9524440082470637,14.042791745233567,2.0844613881559364,0.012900908826974419,0.03735944100851803,1.4936866946915086,23.4649527043415,51.46632026082549,2.1933272531720536,0.02643706039291778,80.0,0.009701673538685424,0.0,435.3125,345.5,278.1815321759336,126639.71738130275,14849.742784589931,1480.0,543.0,10.89759208368911,15.84239602330802,0.0,1.0,0.14627046694966647,834.0,0.10115221346270467,0.18534883658781115,0.43778591142897905
0oa2dua3mli7mrr32c0gd4o0i2,human,test,1,119,14,14,26,93,0,0.2184873949579832,0.7815126050420168,2,119,0,0,0,0.0,162.0,1.3728813559322033,2.0,0.881029926668951,0.0,2.0,0.7345679012345679,-0.21822129072251018,0.641737847820594,42,0.3559322033898305,0.2711864406779661,0,7,6,0.0,0.8823529411764706,0.11764705882352941,0.7142857142857143,0.2524801610907119,0.15126050420168066,0.8487394957983193,0.07563025210084033,8,5,22.0,19.0,11.952286093343936,7.0,41.0,723.2268907563025,883.4207809711502,133,0,1,1,0,0,0,0,0,1,0,0,1,0.0,6933.0,8.0,0.0,0.0,6941.0,0.0011525716755510734,0.998847428324449,160.409,43.22076691457462,85250.08171786729,591.6502345136018,0.006940172051349481,0.7432656121874773,0.4375,0.9895599731740212,12.2,2.7058823529411766,0.013765193546427256,0.029967225571978787,0.5518716577540107,23.140363531448354,50.8670756049029,2.1981969097319163,0.02798615118291979,76.0,0.010963646855164455,0.0,427.0263157894737,326.0,235.29432708867162,133471.2314071868,13007.654947254417,1432.0,477.0,12.298049872744848,16.26523097019721,0.0,0.0,0.13735391718366757,551.0,0.0794979079497908,0.15628086835222693,0.43170898178367995
nkoa2dl20gbqn2vrse8rol2vr6,human,test,1,137,16,16,29,108,0,0.2116788321167883,0.7883211678832117,2,137,0,0,0,0.0,184.0,1.3529411764705883,2.0,0.8872413605293151,0.0,2.0,0.7445652173913043,-0.20788476307156092,0.6557870925651459,50,0.36764705882352944,0.27941176470588236,0,5,8,0.0,0.8832116788321168,0.11678832116788321,0.708029197080292,0.24850701706480235,0.13138686131386862,0.8686131386861313,0.08759124087591241,11,7,17.8,15.0,11.025425161870176,4.0,35.0,682.3868613138686,735.0416865697198,133,0,1,1,0,0,0,0,0,1,0,0,1,0.0,8325.0,11.0,0.0,0.0,8336.0,0.00131957773512476,0.9986804222648752,181.95,45.75432811211871,110367.44466616845,632.0450933279998,0.005726734864975488,0.7995667182746286,0.5,1.0322584614497778,12.235294117647058,2.7146575256639993,0.014056014745130506,0.02812306958197552,0.5028966131907308,21.858481499279193,47.803441971229965,2.1869516403875693,0.023426237385872177,80.0,0.009610764055742432,0.0,396.5375,313.0,285.4245059446543,139131.70061887472,13670.726003351097,1478.0,527.0,13.258943376521918,17.132540467870257,0.0,1.0,0.12099002763426649,519.0,0.06235732308061997,0.13525210620003755,0.38947028571933184
7jbhkuigmbeo5m7ei6h4eefrmk,human,test,1,143,15,15,34,109,0,0.23776223776223776,0.7622377622377622,2,143,0,0,0,0.0,192.0,1.352112676056338,2.0,0.9053610523937012,0.0,3.0,0.7447916666666666,-0.19789892481688917,0.6695899449995082,52,0.36619718309859156,0.2887323943661972,0,7,7,0.0,0.8951048951048951,0.1048951048951049,0.6993006993006993,0.2505300472062507,0.17482517482517482,0.8251748251748252,0.06993006993006994,9,6,22.75,21.5,7.495832175282475,13.0,39.0,672.8391608391609,740.9131169428957,133,0,1,1,0,0,0,0,0,1,0,0,1,0.0,8133.0,9.0,0.0,0.0,8142.0,0.001105379513633014,0.998894620486367,191.469,42.47685003838742,91657.44865962704,574.5824570938448,0.00626880265048153,0.6780261162855161,0.4117647058823529,0.862027512669025,8.3125,2.2941176470588234,0.011975388809019428,0.025463905763983125,0.7166033346097378,23.54513034923758,57.00275538636881,2.4209997796089766,0.027299557304476144,100.0,0.012297097884899164,1.0,426.96,337.5,292.7358167358412,134530.3191046963,16069.000982633954,1448.0,557.0,11.271206180475534,14.34373966089533,0.0,0.0,0.13589964334030255,600.0,0.07379166154224573,0.15176391406822953,0.40626547064934465
ognvhdn35j9b11cnclf6ej5gsj,human,test,1,206,17,17,43,163,0,0.2087378640776699,0.7912621359223301,2,206,0,0,0,0.0,290.0,1.4146341463414633,2.0,0.8937618430011203,0.0,3.0,0.7103448275862069,-0.22564252656178116,0.6317971648801023,65,0.3170731707317073,0.2731707317073171,0,7,8,0.0,0.9174757281553398,0.0825242718446602,0.7281553398058253,0.22358965696668898,0.14563106796116504,0.854368932038835,0.06796116504854369,13,7,23.5,19.0,17.82086791750989,7.0,68.0,821.0631067961165,1421.8019473790753,133,0,1,1,0,0,0,0,0,1,0,0,1,0.0,10217.0,13.0,0.0,0.0,10230.0,0.001270772238514174,0.9987292277614859,288.902,35.364933437636296,116435.61088142458,516.6517202139174,0.004437231155510181,0.6843544800998912,0.3888888888888889,0.9403008207253108,19.5,2.2502169720427845,0.012719636546008658,0.030771836349946406,1.1524715186925172,28.279365700861394,215.9951026451944,7.637904786478827,0.02652701644479248,134.0,0.013116679718089271,3.0,735.4402985074627,375.5,1742.0915654910723,131657.4046841176,24238.55294771176,1471.0,560.0,11.397377729191913,15.66346084502456,0.0,2.0,0.134997552618698,886.0,0.08673519334312285,0.16535786167236372,0.4219932818161505
dpo8vpnhg6ca53pj9di78t9513,human,test,1,171,15,15,28,143,0,0.16374269005847952,0.8362573099415205,2,171,0,0,0,0.0,263.0,1.5470588235294118,2.0,0.8048512080676948,0.0,2.0,0.6501901140684411,-0.3155765337493406,0.520246028028548,43,0.2529411764705882,0.2,0,6,7,0.0,0.9122807017543859,0.08771929824561403,0.7894736842105263,0.18943447537364222,0.11695906432748537,0.8830409356725146,0.05263157894736842,8,6,36.42857142857143,39.0,21.71146598233387,6.0,74.0,664.1228070175439,830.951826602969,133,0,1,1,0,0,0,0,0,1,0,0,1,0.0,10154.0,8.0,0.0,0.0,10162.0,0.000787246604999016,0.9992127533950009,261.158,38.88067759746973,111949.93919411663,520.5045629002689,0.004649440335985669,0.6630496635027032,0.35294117647058826,0.9811972994267899,29.0,2.34895129299873,0.012367682035548009,0.03688398730851158,2.042795587992112,25.722249581404512,108.88489289113198,4.233101484632533,0.02619915295971634,136.0,0.013395055648576775,4.0,557.8529411764706,373.5,765.5372731676731,157021.9599585334,9397.516115840093,1480.0,586.0,11.026291657058666,16.110510212105787,0.0,2.0,0.15218676122931443,794.0,0.07821118991331757,0.150181893528259,0.38243740522789066
jfmilo33fin84baeh3k6bcnh3v,moderate_bot,test,1,148,16,16,46,102,0,0.3108108108108108,0.6891891891891891,2,148,0,0,0,0.0,181.0,1.2312925170068028,2.0,0.9408928109942915,0.0,3.0,0.8176795580110497,-0.13369011486683102,0.7641505150064135,69,0.46938775510204084,0.32653061224489793,0,6,8,0.0,0.8918918918918919,0.10810810810810811,0.581081081081081,0.30832219490223156,0.22297297297297297,0.777027027027027,0.0945945945945946,13,7,14.5,14.5,6.800735254367722,7.0,28.0,721.0608108108108,737.100246458426,121,0,1,0,0,0,1,0,0,1,0,0,1,0.0,2293.0,16.0,0.0,0.0,2309.0,0.006929406669553919,0.9930705933304461,177.362,12.92836120476765,4833.224652835757,234.17087777945403,0.048450236560400914,0.0758615284332969,0.0625,0.4665006526749568,22.375,0.08838834764831845,0.0012259890047656825,0.018280769185062037,0.6866515837104072,77.38307155322862,323.50047383592255,4.180507019722007,0.036212914485165795,124.0,0.05410122164048865,9.0,1139.975806451613,995.5,860.5402510099226,73483.10244512538,9749.310476965009,1223.0,493.0,2.108736759526945,31.694040718447607,0.006544502617801047,2.0,0.6647752073330423,751.0,0.3299648506151142,0.2646047788125438,0.46858485985236276
6gftqgk6qqkipsecbrvk0mtr5h,moderate_bot,test,1,135,15,15,37,98,0,0.2740740740740741,0.725925925925926,2,135,0,0,0,0.0,177.0,1.3208955223880596,2.0,1.2848180443140096,0.0,11.0,0.7627118644067796,-0.013845527204170654,0.972687106994787,60,0.44776119402985076,0.3358208955223881,0,7,7,0.0,0.8888888888888888,0.1111111111111111,0.6148148148148148,0.2984459989921032,0.18518518518518517,0.8148148148148149,0.0962962962962963,12,6,15.818181818181818,16.0,7.158188976374373,4.0,25.0,721.7703703703704,791.797710237217,121,0,1,0,0,0,1,0,0,1,0,0,1,0.0,4054.0,15.0,0.0,0.0,4069.0,0.0036864094372081593,0.9963135905627919,176.647,22.949724591982882,4419.465219519338,723.3788772144235,0.16368018329898712,0.06285016319396966,0.058823529411764705,0.016093945743652183,0.5106120817631349,0.08838834764831845,0.00057623833225478,0.0009626126974189422,0.009523057941386408,43.58425857389588,279.51532744512815,6.413217445725681,0.017517887984209227,87.0,0.02146558105107328,6.0,1267.5172413793102,985.0,1451.8728282714192,46100.358617044345,5671.029073285194,727.0,454.0,1.0904182628964563,0.9290038828019744,0.003700962250185048,0.0,0.7122408687068115,1153.0,0.28560812484518205,0.22694070206188827,0.4280615518237803
84q2klr0foifmc69684fjvafqa,moderate_bot,test,1,162,19,19,47,115,0,0.29012345679012347,0.7098765432098766,2,162,0,0,0,0.0,202.0,1.2546583850931676,2.0,0.998629514957362,0.0,4.0,0.801980198019802,-0.11362457062413742,0.7959373856838381,69,0.42857142857142855,0.35403726708074534,0,7,11,0.0,0.8827160493827161,0.11728395061728394,0.6111111111111112,0.2993474230285144,0.19753086419753085,0.8024691358024691,0.09876543209876543,15,10,14.071428571428571,12.5,9.26178234709162,3.0,41.0,679.5987654320987,636.4782100357621,121,0,1,0,0,0,1,0,0,1,0,0,1,0.0,4147.0,16.0,0.0,0.0,4163.0,0.003843382176315157,0.9961566178236848,199.467,20.790406433144327,4644.56659886223,439.45534471661625,0.09461708328701082,0.06562870546344729,0.0625,0.019339418319937438,0.5217391304347826,0.08838834764831845,0.0007265191384197391,0.0012479783195100324,0.016563146997929608,48.11070911722142,219.30647615490454,4.558371310232942,0.019536903039073805,122.0,0.02942595272551857,8.0,1084.2868852459017,985.0,726.4990774255218,39233.9091967959,4713.444581162416,727.0,454.0,1.1202524358085457,0.5521332908377478,0.005065123010130246,0.0,0.623642943305187,1541.0,0.3736663433559651,0.298809340051066,0.49845799138031527
scep2a1a2l1tjoc5dqlche5mqq,moderate_bot,test,1,93,15,15,32,61,0,0.34408602150537637,0.6559139784946236,2,93,0,0,0,0.0,121.0,1.315217391304348,2.0,1.224117675379211,0.0,5.0,0.768595041322314,-0.035875421530769364,0.9307341002883256,44,0.4782608695652174,0.3695652173913043,0,6,7,0.0,0.8387096774193549,0.16129032258064516,0.5376344086021505,0.3705811678359501,0.22580645161290322,0.7741935483870968,0.12903225806451613,11,6,11.3,12.0,5.9,1.0,19.0,752.4193548387096,761.9928642820668,121,0,1,0,0,0,1,0,0,1,0,0,1,0.0,1607.0,11.0,0.0,0.0,1618.0,0.006798516687268232,0.9932014833127317,116.26,13.822466884569069,1721.9919907732865,301.3784995649159,0.17501736429655362,0.06323173135458453,0.058823529411764705,0.018971859920373466,0.1767766952966369,0.08838834764831845,0.0006345025484752899,0.0011738988919672516,0.009523057941386408,72.39103362391033,381.5923757619561,5.271265744655956,0.03922789539227895,66.0,0.0410958904109589,8.0,1374.060606060606,986.0,1332.6477845023517,18296.46256479799,7914.779291285134,464.0,454.0,1.07222415365709,0.1943129722601118,0.008717310087173101,0.0,0.6928348909657321,482.0,0.30295411690760526,0.24386341465640443,0.4541349760077951
qg5jilensjo45f7koo4cvrouqn,moderate_bot,test,1,154,21,21,56,98,0,0.36363636363636365,0.6363636363636364,2,154,0,0,0,0.0,163.0,1.065359477124183,1.0,1.0141044706104716,0.0,4.0,0.9447852760736196,-0.02464818232100058,0.9518894724135102,78,0.5098039215686274,0.45098039215686275,0,10,12,0.0,0.8636363636363636,0.13636363636363635,0.525974025974026,0.3452300233592934,0.2597402597402597,0.7402597402597403,0.11038961038961038,16,11,9.466666666666667,8.0,5.16225618202825,0.0,20.0,826.461038961039,1071.0827519239822,121,0,1,0,0,0,1,0,0,1,0,0,1,0.0,7440.0,17.0,0.0,0.0,7457.0,0.0022797371597157033,0.9977202628402843,162.432,45.80378250591017,8258.144079486683,336.04315199093105,0.04069233338101545,0.06625311851410365,0.0625,0.013621268388297247,0.1767766952966369,0.08838834764831845,0.0008100661439528597,0.0011364200241265189,0.00957478509825828,21.83519290227181,116.80663746575225,5.3494667067310075,0.010888560290361608,29.0,0.0038983734372899583,3.0,1236.0344827586207,983.0,1416.853860099871,62704.51790640535,12139.034658612993,974.0,597.0,1.1101148110615249,0.3359357013884854,0.0020164000537706683,0.0,0.5563323474052164,3282.0,0.4421392967802775,0.3501121544769172,0.5304450712942432
kd4h7t2e50hpl0uv1pdbcsoe4n,moderate_bot,test,1,142,16,16,36,106,0,0.2535211267605634,0.7464788732394366,2,142,0,0,0,0.0,196.0,1.3900709219858156,2.0,0.9510952972618559,0.0,5.0,0.7244897959183674,-0.18750297228576257,0.6842063107853147,52,0.36879432624113473,0.2765957446808511,0,7,8,0.0,0.8873239436619719,0.11267605633802817,0.6619718309859155,0.27676338113215176,0.16901408450704225,0.8309859154929577,0.09154929577464789,12,7,17.181818181818183,20.0,8.255226243451993,3.0,31.0,665.887323943662,661.998554300276,121,0,1,0,0,0,1,0,0,1,0,0,1,0.0,3496.0,12.0,0.0,0.0,3508.0,0.0034207525655644243,0.9965792474344356,194.002,18.020432779043514,3935.3981951089463,773.162337416923,0.1964635594888052,0.06284955976318193,0.058823529411764705,0.01709872127232141,0.1767766952966369,0.08838834764831845,0.000659367477086008,0.0010692737848257894,0.00957478509825828,55.50844062947067,242.04072151801603,4.3604309321835135,0.022031473533619457,129.0,0.03690987124463519,7.0,1070.0077519379845,986.0,719.9593388187353,49458.56227769624,13879.106804965726,778.0,702.0,1.1260080672700847,3.2842760554944945,0.0031473533619456365,0.0,0.6562678878076703,1189.0,0.34137238013207005,0.27307412456913865,0.47630776356554033
sjr20ddno9sftolk2ofmqoskmf,moderate_bot,test,1,181,18,18,35,146,0,0.19337016574585636,0.8066298342541437,2,181,0,0,0,0.0,268.0,1.488888888888889,2.0,0.903627804948776,0.0,4.0,0.6753731343283582,-0.2446215257128833,0.6069141973536555,54,0.3,0.24444444444444444,0,13,10,0.0,0.9005524861878453,0.09944751381215469,0.7292817679558011,0.22560408809296661,0.12154696132596685,0.8784530386740331,0.07734806629834254,13,9,21.833333333333332,24.5,11.809835825371248,0.0,39.0,629.3259668508288,603.1338772247083,121,0,1,0,0,0,1,0,0,1,0,0,1,0.0,5710.0,14.0,0.0,0.0,5724.0,0.002445842068483578,0.9975541579315165,267.393,21.354336126974157,6974.680392270604,726.9972489631581,0.10423377245627229,0.06453057872628416,0.058823529411764705,0.017483138614389982,0.48041648597857256,0.08838834764831845,0.000708140620637427,0.0011372898512099245,0.014558075332684018,46.837099316868105,254.18382412759536,5.426976218317016,0.01418812401471361,154.0,0.02697495183044316,8.0,1136.2467532467533,984.0,1084.0469649557247,101206.40320131516,24196.696034057066,1174.0,718.0,1.2216991403521815,5.359227933465108,0.0021019442984760903,2.0,0.6072179397337071,2230.0,0.39150280898876405,0.312035822290805,0.506541310349278
5hv5h86d5hnph965gtsjskmtu0,moderate_bot,test,1,111,15,15,34,77,0,0.3063063063063063,0.6936936936936937,2,111,0,0,0,0.0,150.0,1.3636363636363635,2.0,0.9017888558281633,0.0,3.0,0.74,-0.2038679113483896,0.6613118276073198,42,0.38181818181818183,0.2727272727272727,0,7,7,0.0,0.8648648648648649,0.13513513513513514,0.6126126126126126,0.31725151809821733,0.22522522522522523,0.7747747747747747,0.09009009009009009,9,6,15.875,15.5,9.623376486452143,3.0,31.0,698.7027027027027,676.904807799091,121,0,1,0,0,0,1,0,0,1,0,0,1,0.0,2684.0,9.0,0.0,0.0,2693.0,0.0033419977720014855,0.9966580022279985,146.316,18.343858498045325,3542.781955990361,784.4998406628264,0.22143610597777383,0.0681815812962351,0.0625,0.01828657942737261,0.1767766952966369,0.08838834764831845,0.0010159603932625386,0.001373304436972736,0.00957478509825828,54.53447633246366,316.1900130046307,5.797983849281174,0.02161759224748416,76.0,0.028326500186358555,8.0,1356.7105263157894,986.0,1335.7720595791616,28677.474028908964,24901.98338001204,644.0,718.0,1.3204554439024827,6.11231425024277,0.003354453969437197,2.0,0.3926174496644295,1620.0,0.6060606060606061,0.47923097811494136,0.6202149721766529
2s8fa1s8oe1rqsf0ddm7m9q7da,moderate_bot,test,1,179,19,19,40,139,0,0.22346368715083798,0.776536312849162,2,179,0,0,0,0.0,233.0,1.3089887640449438,2.0,0.9540146336519518,0.0,4.0,0.7682403433476395,-0.15685974256788845,0.7288180463092164,70,0.39325842696629215,0.3202247191011236,0,9,11,0.0,0.8938547486033519,0.10614525139664804,0.6759776536312849,0.25371326278806555,0.1340782122905028,0.8659217877094972,0.09497206703910614,16,10,15.2,15.0,7.841768508017394,0.0,30.0,715.1731843575419,803.788284860315,121,0,1,0,0,0,1,0,0,1,0,0,1,0.0,8155.0,18.0,0.0,0.0,8173.0,0.0022023736693992414,0.9977976263306008,232.498,35.0755705425423,8705.615372097509,398.70038876329176,0.045798070753409574,0.06344884105845837,0.058823529411764705,0.013273467237548688,0.5003998401278722,0.08838834764831845,0.00058395071238313,0.000963542634839925,0.013269692125087036,28.51336767230807,136.58995632589568,4.790383159774938,0.007358351729212656,84.0,0.010301692420897719,5.0,1163.3333333333333,999.0,713.3922038457785,82948.56386271356,9195.12890670903,1190.0,637.0,1.0676496654522332,0.4004309458715836,0.0023301447142506744,0.0,0.6950815650680731,2465.0,0.3030489304155397,0.24033145176988555,0.44052658019094165
qb9nte3m02m5iennt4e7mg7caf,moderate_bot,test,1,205,20,20,53,152,0,0.25853658536585367,0.7414634146341463,2,205,0,0,0,0.0,282.0,1.3823529411764706,2.0,0.9186959817072649,0.0,3.0,0.7269503546099291,-0.20149808848398518,0.6645885825116384,74,0.3627450980392157,0.27941176470588236,0,7,11,0.0,0.9024390243902439,0.0975609756097561,0.6585365853658537,0.2608672269552832,0.18536585365853658,0.8146341463414635,0.07804878048780488,15,10,17.642857142857142,15.0,6.159860189242967,11.0,30.0,687.8731707317073,865.4039313535279,121,0,1,0,0,0,1,0,0,1,0,0,1,0.0,4341.0,17.0,0.0,0.0,4358.0,0.003900871959614502,0.9960991280403855,280.26,15.489188610575894,6970.841376491979,740.9217232609664,0.10628870795419382,0.07009883826266317,0.058823529411764705,0.387342815922873,25.547619047619047,0.08838834764831845,0.001108001944928943,0.0204563835899376,1.016904761904762,64.57603686635944,273.22999709982275,4.231136043007317,0.02304147465437788,193.0,0.044470046082949306,11.0,1094.7668393782383,985.0,753.4756787620058,58588.51005427058,12455.294116872912,1205.0,648.0,1.6061846489612854,23.025214297679973,0.004147465437788019,2.0,0.6619036644388108,1450.0,0.33557046979865773,0.2698810697308427,0.4773535850600105
0ht0u328t4mkgi01sp7mm07e01,moderate_bot,test,1,109,16,16,28,81,0,0.25688073394495414,0.7431192660550459,2,109,0,0,0,0.0,142.0,1.3148148148148149,2.0,0.9588587752592309,0.0,3.0,0.7676056338028169,-0.1565554708950073,0.729272871323922,42,0.3888888888888889,0.32407407407407407,0,9,8,0.0,0.8532110091743119,0.14678899082568808,0.6422018348623854,0.3044123838751964,0.1651376146788991,0.8348623853211009,0.10091743119266056,10,7,14.444444444444445,15.0,7.917787445031052,0.0,27.0,708.5504587155963,729.6026376883568,121,0,1,0,0,0,1,0,0,1,0,0,1,0.0,4037.0,11.0,0.0,0.0,4048.0,0.002717391304347826,0.9972826086956522,141.246,28.58134035654107,5511.485640311737,1238.4482225753325,0.2247031568978712,0.0655636271448448,0.06071278254943949,0.01667406252463138,0.507321681624941,0.08838834764831845,0.0007913280637757913,0.0011466781516840808,0.009523057941386408,34.99653121902874,173.87922567622445,4.968470291755108,0.013875123885034688,66.0,0.01635282457879088,6.0,1136.8333333333333,991.5,783.6246508592897,76664.99570832569,6056.644199686464,1223.0,443.0,1.3655811794627695,16.88717896553335,0.0027254707631318136,1.0,0.5417596034696407,1834.0,0.455765407554672,0.3608849910839667,0.5392495027097387
r4qbc8d0f23m1oi2jeplnl7k3q,moderate_bot,test,1,93,16,16,30,63,0,0.3225806451612903,0.6774193548387096,2,93,0,0,0,0.0,103.0,1.1195652173913044,2.0,0.9650680456336814,0.0,2.0,0.9029126213592233,-0.07411239880794862,0.8620025261970746,43,0.4673913043478261,0.41304347826086957,0,7,8,0.0,0.8279569892473118,0.17204301075268819,0.5806451612903226,0.35413547740464035,0.22580645161290322,0.7741935483870968,0.10752688172043011,9,7,12.5,11.0,5.916079783099616,3.0,22.0,776.3763440860215,862.5732309753395,121,0,1,0,0,0,1,0,0,1,0,0,1,0.0,4339.0,9.0,0.0,0.0,4348.0,0.0020699172033118675,0.9979300827966882,102.785,42.21433088485674,4772.108006675824,651.7768022874088,0.13658048002593856,0.06595536973057449,0.0625,0.013598529982739199,0.1767766952966369,0.08838834764831845,0.0006321203251381306,0.0009723625468010404,0.0075243914598608665,23.69409866297833,108.07355070780447,4.5612011769271374,0.014522821576763486,23.0,0.005301982480405717,3.0,1279.8260869565217,986.0,780.9897651266078,78143.36822192009,13124.771338659146,1072.0,614.0,1.1000710019999596,0.18923444045455645,0.002996772706316275,0.0,0.6841134424717547,1361.0,0.31475485661424607,0.24866098188971017,0.4457811452888913
dne20ji4gjh7i5k19nueps0biu,moderate_bot,test,1,134,19,19,58,76,0,0.43283582089552236,0.5671641791044776,2,134,0,0,0,0.0,102.0,0.7669172932330827,0.0,0.948978224118615,0.0,2.0,1.3137254901960784,0.10610257387146976,1.2373931745860374,85,0.6390977443609023,0.5939849624060151,0,7,11,0.0,0.8582089552238806,0.1417910447761194,0.43283582089552236,0.38617536345635506,0.30597014925373134,0.6940298507462687,0.13432835820895522,17,10,5.8125,5.0,3.263792847286727,1.0,11.0,819.2985074626865,840.1558315818894,121,0,1,0,0,0,1,0,0,1,0,0,1,0.0,5830.0,18.0,0.0,0.0,5848.0,0.0030779753761969904,0.996922024623803,102.448,56.9069186318913,7580.383177502314,1239.2453348711867,0.1634805663319397,0.06809084938811767,0.0625,0.12128732600871554,9.267241379310345,0.08838834764831845,0.000881957668446335,0.0028241027406778487,0.13935701322271196,17.57557042374335,10.777494781266341,0.6132088189130243,0.00909246869102762,2.0,0.00034311202607651396,0.0,250.0,250.0,17.0,46492.923488432985,13142.205362221195,1223.0,684.0,1.3004603152345708,14.0733625008935,0.003259564247726883,1.0,0.5308853809196981,2715.0,0.4673782062317094,0.3713912669431483,0.5492265234510061
u89p7qigo3rvvgm0vgs06hk8sc,moderate_bot,test,1,84,17,17,38,46,0,0.4523809523809524,0.5476190476190477,2,84,0,0,0,0.0,53.0,0.6385542168674698,0.0,0.8723091257782145,0.0,2.0,1.5849056603773586,0.1547161164830531,1.366069008294185,61,0.7349397590361446,0.6265060240963856,0,10,9,0.0,0.7976190476190477,0.20238095238095238,0.39285714285714285,0.4498912361519766,0.2976190476190476,0.7023809523809523,0.16666666666666666,13,8,4.083333333333333,3.0,3.2521360501813095,0.0,11.0,844.5714285714286,824.0422331657621,121,0,1,0,0,0,1,0,0,1,0,0,1,0.0,2724.0,13.0,0.0,0.0,2737.0,0.0047497259773474606,0.9952502740226525,52.333,52.0512869508723,3486.2491137747065,354.7731669672891,0.10176357322416398,0.06918829513444207,0.0625,0.04554243895042549,2.3098596976074783,0.08838834764831845,0.000909212472210988,0.0014917529067702963,0.034734732294849295,19.21887623944179,83.81608047955976,4.361133264782092,0.013587954461990452,2.0,0.0007344840249724568,1.0,2442.5,2442.5,1891.5,3708.7598175568883,26594.707037137665,230.0,714.0,1.2802971405709536,5.259709913690291,0.004774146162320969,1.0,0.4856722997795738,1389.0,0.512735326688815,0.4092416856482458,0.5793112050474908
0sejj3er3n0v1sfjv2jbnhaav4,moderate_bot,test,1,97,15,15,34,63,0,0.35051546391752575,0.6494845360824743,2,97,0,0,0,0.0,89.0,0.9270833333333334,0.5,0.9600867112170418,0.0,2.0,1.0898876404494382,0.017488290458516475,1.0355991491779326,55,0.5729166666666666,0.5,0,7,7,0.0,0.845360824742268,0.15463917525773196,0.5360824742268041,0.36320611340235665,0.25773195876288657,0.7422680412371134,0.10309278350515463,9,6,10.75,9.0,8.027297179001161,2.0,23.0,692.2989690721649,551.2709432625078,121,0,1,0,0,0,1,0,0,1,0,0,1,0.0,5184.0,11.0,0.0,0.0,5195.0,0.0021174205967276227,0.9978825794032724,88.499,58.57693307269009,5576.43312848785,354.7731669672891,0.06362008810881091,0.06346925153073622,0.058823529411764705,0.013276034312639871,0.5323402554551832,0.0831890330807703,0.0005470141019333773,0.0009541421661143963,0.016635632982974474,17.074860119621842,6.521620704596532,0.3819428480765186,0.007717538105344395,0.0,0.0,0.0,,,,118988.00814646772,10003.535546480565,1242.0,638.0,1.075908379025246,0.7405288367981668,0.0021223229789697085,0.0,0.7313778463913547,1378.0,0.26648617288725585,0.21187979847987634,0.4160326564622749
3uqepgd76f9ecnauehcl4sucbh,advanced_bot,train,1,225,20,20,49,176,0,0.21777777777777776,0.7822222222222223,2,225,0,0,0,0.0,289.0,1.2901785714285714,2.0,0.9357445299092599,0.0,2.0,0.7785467128027682,-0.15923013751296636,0.7252829574383192,84,0.375,0.33482142857142855,0,7,11,0.0,0.9111111111111111,0.08888888888888889,0.6933333333333334,0.23649462316873363,0.1288888888888889,0.8711111111111112,0.09333333333333334,20,10,15.105263157894736,9.0,14.920472466210928,2.0,48.0,706.64,1034.9820907521917,121,0,1,0,0,0,1,0,0,1,0,0,1,0.0,9150.0,20.0,0.0,0.0,9170.0,0.0021810250817884407,0.9978189749182116,287.828,31.789818919632562,91971.47354758464,435.7636974324502,0.004738031050540826,0.5970301284487952,0.5,0.29239201388379105,1.25,1.1267347735824966,0.002505315863682889,0.0066301366721588945,0.0650363401730553,31.460050278718985,547.026393357652,17.3879694568602,0.006448792217728714,28.0,0.00306044376434583,5.0,4821.357142857143,1153.0,8646.350007019006,121875.64992026037,18224.04645948222,1342.0,711.0,10.052625811300103,6.651672503096637,0.0021860312602470216,2.0,0.49770441626585044,242.0,0.026511831726555652,0.09013811430017249,0.2916767284922715
ck0vis16184tm6572eohin19d2,advanced_bot,train,1,227,14,14,27,200,0,0.11894273127753303,0.8810572687224669,2,227,0,0,0,0.0,369.0,1.6327433628318584,2.0,0.8106527990983788,0.0,4.0,0.6151761517615176,-0.336454061990522,0.4964973783095762,49,0.2168141592920354,0.17699115044247787,0,6,6,0.0,0.9383259911894273,0.06167400881057269,0.8237885462555066,0.14949013594691152,0.07488986784140969,0.9251101321585903,0.048458149779735685,10,5,40.666666666666664,48.0,35.671339257791324,2.0,104.0,590.920704845815,590.4676283624672,121,0,1,0,0,0,1,0,0,1,0,0,1,0.0,7594.0,13.0,0.0,0.0,7607.0,0.0017089522807940056,0.998291047719206,367.532,20.662146425345277,78576.8259655218,643.5347698454218,0.00818987992882016,0.5931212867114608,0.48507125007266594,0.2992571197242141,2.2638462845343543,1.1267347735824966,0.002720852714878115,0.007386872489448797,0.1531756555420896,48.4040563677071,682.1091574816139,14.091983372217642,0.014750428025813249,111.0,0.014618727775582773,13.0,2179.5315315315315,982.0,5216.981992864326,122776.79906665708,21885.55716340451,1340.0,712.0,10.34858764197574,14.268962696699992,0.0015804030027657052,6.0,0.4023972602739726,211.0,0.02783641160949868,0.1016912442515822,0.2823933380286351
pf7tnis955pq27n6sibk32d87k,advanced_bot,train,1,204,17,17,33,171,0,0.16176470588235295,0.8382352941176471,2,204,0,0,0,0.0,330.0,1.625615763546798,2.0,0.9611846088875684,0.0,6.0,0.6181818181818182,-0.25685443752814674,0.5912741684975042,49,0.2413793103448276,0.20689655172413793,0,7,9,0.0,0.9166666666666666,0.08333333333333333,0.7745098039215687,0.19055951901560048,0.09803921568627451,0.9019607843137255,0.06862745098039216,13,8,27.333333333333332,22.5,19.669491322575908,7.0,68.0,609.6372549019608,572.6593328963118,121,0,1,0,0,0,1,0,0,1,0,0,1,0.0,5970.0,13.0,0.0,0.0,5983.0,0.002172822998495738,0.9978271770015043,329.027,18.144407601807757,60561.25446481579,572.3154724450493,0.00945019183474059,0.5893518374858984,0.5,0.3073508336688348,2.2534695471649933,1.1267347735824966,0.0027841858614228057,0.0081233320565037,0.2272727272727273,55.122633606969345,599.2579484921276,10.871359172801958,0.016250628245937343,139.0,0.023286982744178255,12.0,1668.1079136690648,984.0,3571.657305680089,125914.69769812211,18384.79142715251,1341.0,713.0,10.145963220776645,10.446191892042847,0.00217791924945552,4.0,0.465985254691689,173.0,0.0290512174643157,0.09620393655030401,0.2941595713497648
1ttvuqau08dh4t1cjg50pr2298,advanced_bot,train,1,348,19,19,39,309,0,0.11206896551724138,0.8879310344827587,2,348,0,0,0,0.0,592.0,1.7060518731988472,2.0,1.0072035802479133,0.0,13.0,0.5878378378378378,-0.25756818882024474,0.5903710174763952,69,0.1988472622478386,0.15561959654178675,0,7,11,0.0,0.9454022988505747,0.05459770114942529,0.8304597701149425,0.13752072647082111,0.06609195402298851,0.9339080459770115,0.04885057471264368,16,10,39.06666666666667,35.0,20.1609082687815,8.0,73.0,575.235632183908,526.2005995000914,121,0,1,0,0,0,1,0,0,1,0,0,1,0.0,11972.0,20.0,0.0,0.0,11992.0,0.001667778519012675,0.9983322214809873,586.952,20.396897872398423,120803.02809865017,809.9438252125884,0.0067046649240544865,0.5900502089877159,0.48507125007266594,0.3025555131642305,2.0123078084749815,1.1267347735824966,0.002503529928217754,0.0067925391614835785,0.08383562954241291,49.031158633363965,630.6855270367995,12.862953775023385,0.010943112521927994,205.0,0.01712471806866594,17.0,1903.9951219512195,984.0,4441.378867959442,117948.65341744614,20087.30203425852,1342.0,711.0,10.091306331856167,9.29378599264462,0.0015871689917300142,4.0,0.42080200501253134,346.0,0.028951552171366413,0.1001368940070894,0.2901425396258327
bdnrcfsa6rd1fuorjjjmi0o20s,advanced_bot,train,1,261,22,22,44,217,0,0.1685823754789272,0.8314176245210728,2,261,0,0,0,0.0,425.0,1.6346153846153846,2.0,1.0493376327262933,0.0,11.0,0.6141176470588235,-0.21806557272331828,0.6419477282560854,62,0.23846153846153847,0.20384615384615384,0,6,13,0.0,0.9157088122605364,0.0842911877394636,0.7624521072796935,0.1936854366456223,0.09961685823754789,0.9003831417624522,0.07279693486590039,18,12,24.41176470588235,20.0,15.908040229539173,7.0,51.0,664.448275862069,854.6998230691866,121,0,1,0,0,0,1,0,0,1,0,0,1,0.0,8699.0,18.0,0.0,0.0,8717.0,0.0020649305953883215,0.9979350694046116,420.205,20.7018003117526,89160.92655280716,230.98268333362137,0.002590626771883284,0.5946190343878359,0.5,0.2987088432593171,2.25,1.1267347735824966,0.0026149079537933413,0.007070553139072373,0.09114344129089887,48.31053115658772,625.9884901658443,12.957598999208752,0.011037020004598759,114.0,0.013106461255461025,17.0,2428.745614035088,998.0,4914.861815286159,121494.03004857729,19882.410395567083,1340.0,712.0,10.25073885408222,14.124400600867077,0.00195447229248103,5.0,0.44808554674025525,245.0,0.028225806451612902,0.09561393913212364,0.28692739644871446
k0371k7nj5dqmfg9fllmll59sn,advanced_bot,train,1,100,14,14,21,79,0,0.21,0.79,2,100,0,0,0,0.0,126.0,1.2727272727272727,2.0,1.0523488093445659,0.0,5.0,0.7936507936507936,-0.09478333422376918,0.8268454930564446,48,0.48484848484848486,0.32323232323232326,0,6,6,0.0,0.86,0.14,0.65,0.28729377829312264,0.14,0.86,0.08,7,5,19.666666666666668,19.0,10.257788368952745,9.0,34.0,592.5,427.70448910433475,121,0,1,0,0,0,1,0,0,1,0,0,1,0.0,1455.0,14.0,0.0,0.0,1469.0,0.009530292716133424,0.9904697072838666,119.26,12.200234781150428,12395.590044136676,1157.3076514047593,0.09336446649848552,0.48979552445747543,0.5,0.2635912667892655,2.0030840419244385,1.0604562574894085,0.003068467021064314,0.007905367941424234,0.07355559023442158,82.02200825309491,358.6459666081999,4.372557734767086,0.048143053645116916,84.0,0.0577716643741403,4.0,1149.3214285714287,985.0,1008.5661340158481,116667.93262904313,6253.463484843118,1335.0,635.0,8.525165092253559,3.8868582994566716,0.009628610729023384,0.0,0.40467997247075016,80.0,0.05559416261292564,0.13966478431353227,0.4073556124972196
16r8lv9fabgjk06di8usnmu9ni,advanced_bot,train,1,273,18,18,46,227,0,0.1684981684981685,0.8315018315018315,2,273,0,0,0,0.0,431.0,1.5845588235294117,2.0,0.8994588795223253,0.0,5.0,0.6334106728538283,-0.27580316483469813,0.5676399425291705,67,0.24632352941176472,0.21323529411764705,0,7,10,0.0,0.9340659340659341,0.06593406593406594,0.7619047619047619,0.18489017178992545,0.0989010989010989,0.9010989010989011,0.07326007326007326,19,9,23.38888888888889,22.0,13.115465378657573,4.0,55.0,586.021978021978,474.30243310757436,121,0,1,0,0,0,1,0,0,1,0,0,1,0.0,9402.0,19.0,0.0,0.0,9421.0,0.0020167710434136504,0.9979832289565863,427.428,21.996687161346472,94552.04028927369,435.7636974324502,0.0046087180784176555,0.5903108974694266,0.5,0.3021329373295912,2.2534695471649933,1.1267347735824966,0.002615293873944812,0.007141268708422573,0.09544106317404678,45.46622699712797,416.78221494301584,9.166852903130566,0.012658227848101266,182.0,0.0193596425912137,16.0,1500.8351648351647,986.5,2609.944337597421,115284.87211717865,17609.1368977037,1342.0,711.0,10.057657726760311,8.501849986104075,0.002021061589192639,3.0,0.47797872340425535,263.0,0.028035390683296024,0.09358695306827941,0.29344964364463744
7428dqv0aoerlt7uj52th5qac2,advanced_bot,train,1,159,15,15,25,134,0,0.15723270440251572,0.8427672955974843,2,159,0,0,0,0.0,257.0,1.6265822784810127,2.0,0.9034685427767885,0.0,5.0,0.6186770428015564,-0.28580996461752184,0.555439804508687,36,0.22784810126582278,0.20253164556962025,0,7,7,0.0,0.9056603773584906,0.09433962264150944,0.779874213836478,0.19542886490153297,0.10062893081761007,0.89937106918239,0.06289308176100629,9,6,30.0,28.5,19.1637678967368,5.0,70.0,611.8553459119497,596.8813482217961,121,0,1,0,0,0,1,0,0,1,0,0,1,0.0,5360.0,10.0,0.0,0.0,5370.0,0.00186219739292365,0.9981378026070763,256.09,20.930141747042057,54041.2470876663,332.9294219500584,0.006160653942903587,0.5941088125219136,0.5,0.2970586195688641,1.8027756377319946,1.1267347735824966,0.002451589209965542,0.006530074166674598,0.08768468867410441,47.786900541145734,449.70822384170367,9.410700814431216,0.015114760216458294,117.0,0.021832431423773092,10.0,1436.2051282051282,995.0,2700.215352407176,118515.90559530936,20048.431720281522,1341.0,711.0,10.084203599116682,5.488780760884218,0.001866019779809666,0.0,0.4051885031728257,150.0,0.02804786836200449,0.09833716549815211,0.28448706753815123
8srapvmong540puc7nb8gttr9s,advanced_bot,train,1,263,18,18,45,218,0,0.17110266159695817,0.8288973384030418,2,263,0,0,0,0.0,422.0,1.6106870229007633,2.0,0.9851765377039192,0.0,5.0,0.6232227488151659,-0.24096431518578626,0.6116498883375043,69,0.2633587786259542,0.21755725190839695,0,7,10,0.0,0.9315589353612167,0.06844106463878327,0.752851711026616,0.18971133457901582,0.09885931558935361,0.9011406844106464,0.07604562737642585,19,9,22.666666666666668,20.0,16.87536007846285,7.0,81.0,585.4486692015209,485.4866989090645,121,0,1,0,0,0,1,0,0,1,0,0,1,0.0,7801.0,20.0,0.0,0.0,7821.0,0.0025572177470911646,0.9974427822529088,420.774,18.53964360915836,77702.14827441234,334.75513438930255,0.004308183773852478,0.579363316876451,0.5,0.3034071571356579,2.2638462845343543,1.1267347735824966,0.002707155959268132,0.007470668870399679,0.09544106317404678,53.94538461538462,475.20045820548006,8.808917789603788,0.013717948717948718,183.0,0.02346153846153846,19.0,1604.0928961748634,985.0,2676.4368730894057,123350.93845514729,13514.505685713299,1340.0,715.0,9.961813881334916,11.355156180605825,0.002307692307692308,2.0,0.4524939094755738,238.0,0.03058732810692713,0.09784323941356293,0.29722661240075393
qqvn22bkui88d086v1pnp37cus,advanced_bot,train,1,230,19,19,35,195,0,0.15217391304347827,0.8478260869565217,2,230,0,0,0,0.0,361.0,1.5764192139737991,2.0,0.8664354113701943,0.0,4.0,0.6371191135734072,-0.29063694385973854,0.5496224631683504,55,0.24017467248908297,0.21397379912663755,0,7,11,0.0,0.9173913043478261,0.08260869565217391,0.782608695652174,0.1824435935237415,0.09130434782608696,0.908695652173913,0.06521739130434782,14,10,27.46153846153846,30.0,17.099776807429542,3.0,53.0,622.2086956521739,613.627779764165,121,0,1,0,0,0,1,0,0,1,0,0,1,0.0,9036.0,15.0,0.0,0.0,9051.0,0.0016572754391779914,0.998342724560822,358.108,25.232611390977024,96759.39073995207,435.65238436166055,0.004502430007362367,0.5989865793510792,0.48507125007266594,0.2969138721014408,2.2534695471649933,1.1267347735824966,0.0025163624908710056,0.006751145595417609,0.09160604757956463,39.63563918096292,583.7420902672258,14.727707243525376,0.009075816270060875,73.0,0.008079690094078584,15.0,2849.4383561643835,996.0,5849.1644268882865,117177.1847134481,26438.638644575698,1341.0,718.0,10.70939576535164,22.580082879368078,0.0016602102933038186,12.0,0.4193048483506752,248.0,0.027497505266659276,0.09948618677803019,0.2884565881137765
bhgacl77180d93ov5a5fbbau9v,advanced_bot,train,1,260,19,19,46,214,0,0.17692307692307693,0.823076923076923,2,260,0,0,0,0.0,404.0,1.5598455598455598,2.0,0.8424600716278693,0.0,4.0,0.6435643564356436,-0.29862373830331057,0.5400919766129162,68,0.2625482625482625,0.20077220077220076,0,7,11,0.0,0.926923076923077,0.07307692307692308,0.7653846153846153,0.1889731487835897,0.12692307692307692,0.8730769230769231,0.05384615384615385,13,10,32.416666666666664,23.5,24.47944148781903,6.0,76.0,615.3923076923077,607.0494783554284,121,0,1,0,0,0,1,0,0,1,0,0,1,0.0,7231.0,15.0,0.0,0.0,7246.0,0.002070107645597571,0.9979298923544024,398.166,18.16076711723251,74443.94828705257,348.9699127432048,0.00468768678681029,0.5954226359077438,0.48507125007266594,0.30513214847883036,2.2534695471649933,1.1267347735824966,0.0027497769197891036,0.007463690525749124,0.12273077743775983,55.07136929460581,692.9139306135893,12.582108262222919,0.013416320885200552,144.0,0.01991701244813278,15.0,1943.6180555555557,986.0,4523.993138436269,121024.1438456609,26955.424245756065,1316.0,712.0,10.296535032787354,12.519590615024999,0.002074688796680498,5.0,0.41568681698713517,219.0,0.030357637926254503,0.1051710625244668,0.3050065805212026
7fk29hdm43m3g5jcsn40ilqq72,advanced_bot,train,1,172,15,15,45,127,0,0.2616279069767442,0.7383720930232558,2,172,0,0,0,0.0,208.0,1.2163742690058479,2.0,0.9520496573084781,0.0,2.0,0.8269230769230769,-0.12189711084153308,0.7826946701911046,71,0.4152046783625731,0.3684210526315789,0,7,7,0.0,0.9127906976744186,0.0872093023255814,0.6511627906976745,0.2634561919193843,0.18604651162790697,0.813953488372093,0.08139534883720931,13,6,16.75,9.0,23.270600192804082,2.0,88.0,606.5639534883721,441.50841004731666,121,0,1,0,0,0,1,0,0,1,0,0,1,0.0,5735.0,15.0,0.0,0.0,5750.0,0.0026086956521739132,0.9973913043478261,206.905,27.718034846910417,60042.81660906601,433.66461695646785,0.007222589502754736,0.5911829138594757,0.5,0.2963718781109658,2.0030840419244385,1.1267347735824966,0.002744280412881187,0.007384144300630981,0.09939148073022312,36.08388559469829,513.147994667855,14.220973883789569,0.011510289501220789,38.0,0.006627136379490757,6.0,2931.342105263158,1050.5,5594.037818946713,131764.0122279492,17278.984478215032,1330.0,711.0,10.471366691500874,22.570614108250723,0.002441576560865016,5.0,0.4810744810744811,182.0,0.03182374541003672,0.09797267870208952,0.3102399453502976
aj9b410e48gia1a4u0s5e0on3v,advanced_bot,train,1,145,17,17,37,108,0,0.25517241379310346,0.7448275862068966,2,145,0,0,0,0.0,161.0,1.1180555555555556,2.0,0.975366937916314,0.0,2.0,0.9006211180124224,-0.06816044925675628,0.872377882359933,66,0.4583333333333333,0.4236111111111111,0,7,9,0.0,0.8827586206896552,0.11724137931034483,0.6344827586206897,0.28292990076410796,0.15172413793103448,0.8482758620689655,0.1103448275862069,15,8,11.357142857142858,3.5,14.878590288719957,2.0,44.0,662.8,642.1919532566459,121,0,1,0,0,0,1,0,0,1,0,0,1,0.0,4856.0,16.0,0.0,0.0,4872.0,0.003284072249589491,0.9967159277504105,159.877,30.373349512437684,49774.07644108274,453.4423888433899,0.009110011099455091,0.5881585374101411,0.5,0.28038738328631,1.4285714285714286,1.125,0.0025794217954396123,0.006790121828508785,0.07928215191500111,32.93038105046344,506.7216711389118,15.387664976071711,0.008238928939237899,20.0,0.004119464469618949,4.0,3955.85,1121.0,6846.565411029095,126593.75744637489,26624.681833807055,1341.0,718.0,10.252126970356898,16.531229058671705,0.003089598352214212,4.0,0.38978162340337863,166.0,0.034304608390163256,0.11200221738887987,0.3211358000443778
v6g56j1moj87j95r7n37hjcjqa,advanced_bot,train,1,318,20,20,50,268,0,0.15723270440251572,0.8427672955974843,2,318,0,0,0,0.0,515.0,1.6246056782334384,2.0,0.8067696142275957,0.0,4.0,0.6174757281553398,-0.3363676790422717,0.49659411205853954,71,0.22397476340694006,0.17665615141955837,0,7,12,0.0,0.9371069182389937,0.06289308176100629,0.7861635220125787,0.17219780863420972,0.10377358490566038,0.8962264150943396,0.05660377358490566,17,11,31.6875,17.5,27.815730149503537,2.0,82.0,595.6572327044025,568.7996675068158,121,0,1,0,0,0,1,0,0,1,0,0,1,0.0,7855.0,18.0,0.0,0.0,7873.0,0.002286294932046234,0.9977137050679538,510.968,15.372782640008767,80523.63878315387,176.28386199536246,0.002189218776738171,0.5847258873373254,0.48507125007266594,0.3071179929744642,2.2534695471649933,1.1267347735824966,0.00264410454510028,0.007196697842453431,0.09389456446520805,65.05831423478482,869.1757776062316,13.35994926750666,0.01413292589763178,182.0,0.023172905525846704,17.0,2102.846153846154,985.0,5324.414672309529,124459.09782967137,20115.318701042648,1316.0,712.0,10.252564143513354,15.809681965124325,0.002037178507766743,6.0,0.4226410289061505,237.0,0.030241163710603546,0.10337589406795138,0.30133257287039694
7gce60ae3b26e071uuothvl8ov,advanced_bot,train,1,302,19,19,43,259,0,0.1423841059602649,0.8576158940397351,2,302,0,0,0,0.0,492.0,1.6345514950166113,2.0,0.8348725497095724,0.0,4.0,0.6138211382113821,-0.3238321692926212,0.5107655232979295,70,0.23255813953488372,0.1760797342192691,0,6,11,0.0,0.9370860927152318,0.06291390728476821,0.7947019867549668,0.164211818845671,0.08278145695364239,0.9172185430463576,0.06291390728476821,18,10,28.764705882352942,23.0,20.57276729867082,5.0,71.0,617.4172185430464,634.833417766262,121,0,1,0,0,0,1,0,0,1,0,0,1,0.0,9010.0,19.0,0.0,0.0,9029.0,0.002104330490641267,0.9978956695093587,490.051,18.38584147364254,92379.97266505822,350.7278146939589,0.003796578463663241,0.5879134551655257,0.4742504557822676,0.3021397262562824,2.2534695471649933,1.1267347735824966,0.0026062555762642486,0.007144434883591772,0.08779751482461012,54.3957153957154,747.7608172341755,13.746685962201255,0.011322011322011322,125.0,0.013875013875013876,22.0,2732.864,998.0,5746.5390799596935,121594.77407118247,21753.82408704843,1341.0,711.0,10.254187220008681,15.251036823753667,0.001998001998001998,7.0,0.4419404973357016,264.0,0.02936596218020022,0.09986740698335217,0.30092246857399707
tdm49rlqprtglqndl74j4cekj0,advanced_bot,train,1,193,16,16,29,164,0,0.15025906735751296,0.8497409326424871,2,193,0,0,0,0.0,304.0,1.5833333333333333,2.0,0.8620067027323832,0.0,5.0,0.6348684210526315,-0.29498009273241416,0.5444252859362421,49,0.2552083333333333,0.19791666666666666,0,7,8,0.0,0.917098445595855,0.08290155440414508,0.7823834196891192,0.18645436661406412,0.09326424870466321,0.9067357512953368,0.06217616580310881,11,7,29.6,28.5,18.304097901836084,2.0,55.0,587.8082901554404,531.2835562421877,121,0,1,0,0,0,1,0,0,1,0,0,1,0.0,7115.0,13.0,0.0,0.0,7128.0,0.001823793490460157,0.9981762065095399,297.379,23.925697510584136,75204.71484249391,570.9404522364832,0.007591817260822552,0.5993167794709803,0.5,0.30567531423399086,2.0030840419244385,1.1267347735824966,0.0024580193012215595,0.006568811160531274,0.06472189358610496,41.801939836941244,507.5873181713155,12.142673764693331,0.012791678380657858,101.0,0.014197357323587293,11.0,1782.4455445544554,989.0,3882.4157924736064,121923.84436262208,26960.756076682195,1340.0,718.0,10.571368406310642,17.210467870357952,0.0018273826258082655,7.0,0.4062983270068888,208.0,0.029295774647887324,0.10180104209010915,0.2971769960135338
65jksu5rbgasntdo5kcspn140b,advanced_bot,train,1,212,16,16,40,172,0,0.18867924528301888,0.8113207547169812,2,212,0,0,0,0.0,321.0,1.5213270142180095,2.0,0.8833746915484596,0.0,4.0,0.660436137071651,-0.26529374563994434,0.5806606227935357,59,0.2796208530805687,0.22748815165876776,0,7,8,0.0,0.9245283018867925,0.07547169811320754,0.7405660377358491,0.20732610930184636,0.13679245283018868,0.8632075471698113,0.05660377358490566,11,7,31.4,24.0,20.244505427399307,3.0,67.0,584.0330188679245,480.1445771301497,121,0,1,0,0,0,1,0,0,1,0,0,1,0.0,6075.0,15.0,0.0,0.0,6090.0,0.0024630541871921183,0.9975369458128078,320.179,18.973761552131776,61574.355686900904,786.1513849126006,0.0127675129709858,0.5937875780826547,0.5,0.30316985041940325,2.0030840419244385,1.1267347735824966,0.002669225348614189,0.007080074677126958,0.07094669995837805,52.713039183404675,663.5368065522354,12.587716755309616,0.014487981560750741,117.0,0.019262430029634507,11.0,1884.0,984.0,4408.667397550219,131306.44583111652,16002.600519405918,1317.0,711.0,10.137365111442362,9.108538393514577,0.0024695423114916037,2.0,0.4445908117898897,204.0,0.03367448002641136,0.10315041497341383,0.3110101447143538
3ctnavj7r6jrdpq5q0n8s7s4l1,advanced_bot,train,1,214,20,20,41,173,0,0.19158878504672897,0.8084112149532711,2,214,0,0,0,0.0,344.0,1.6150234741784038,2.0,1.1057509183110257,0.0,9.0,0.622093023255814,-0.1871792667827223,0.684665539535606,58,0.27230046948356806,0.22535211267605634,0,7,12,0.0,0.9065420560747663,0.09345794392523364,0.7289719626168224,0.21856799213549113,0.11214953271028037,0.8878504672897196,0.08411214953271028,17,11,21.0,16.0,16.507574019219177,5.0,65.0,672.9205607476636,723.8656276964899,121,0,1,0,0,0,1,0,0,1,0,0,1,0.0,6395.0,17.0,0.0,0.0,6412.0,0.0026512788521522146,0.9973487211478478,337.059,18.9729394557036,63153.5880465856,229.9956521328175,0.0036418461602396985,0.5769878186961982,0.48507125007266594,0.29635431921267585,1.257078722109418,1.1267347735824966,0.0026068965199989927,0.007017229438577244,0.08172588595861627,52.7148889583985,651.2107735393757,12.35345054133184,0.014388489208633094,127.0,0.019862370972786987,16.0,1831.2204724409448,984.0,4257.103935763824,122428.75322763031,19108.39569875067,1340.0,711.0,9.877007827116923,10.48032785288093,0.002658742571160463,2.0,0.44095104020021897,204.0,0.031994981179422836,0.10096776533181623,0.29523078209079695
pmb5bepkpun1v95n8rveof9ee0,advanced_bot,train,1,323,18,18,43,280,0,0.13312693498452013,0.8668730650154799,2,323,0,0,0,0.0,530.0,1.6459627329192548,2.0,0.8371048739792023,0.0,5.0,0.6094339622641509,-0.3257494305402253,0.5085806970213267,68,0.2111801242236025,0.18012422360248448,0,7,10,0.0,0.9442724458204335,0.05572755417956656,0.8080495356037152,0.15303345708037253,0.07739938080495357,0.9226006191950464,0.058823529411764705,18,9,30.764705882352942,24.0,21.322535473792556,6.0,76.0,620.9164086687307,682.0714005800783,121,0,1,0,0,0,1,0,0,1,0,0,1,0.0,10139.0,19.0,0.0,0.0,10158.0,0.0018704469383736956,0.9981295530616263,524.16,19.343330280830283,103510.8186665989,230.15864094141676,0.0022235225641750707,0.5878679126423713,0.48507125007266594,0.2967782242753614,2.0,1.1267347735824966,0.002508019091397525,0.006760569052106286,0.07251461988304093,51.70250542513316,718.9212611375195,13.904959831753994,0.010455711185638194,149.0,0.014697178930755573,22.0,2399.8657718120803,996.0,5437.815143881757,116028.36752447032,21436.17276184149,1341.0,713.0,10.210181363838913,12.807745610845602,0.001578220556322746,7.0,0.4566439775081385,283.0,0.027961663867206797,0.0963113592329694,0.291047854871638
pvkqfvdopap7c1e9hrdeakkq8u,advanced_bot,train,1,187,18,18,30,157,0,0.16042780748663102,0.839572192513369,2,187,0,0,0,0.0,292.0,1.5698924731182795,2.0,0.8724930225849803,0.0,5.0,0.6404109589041096,-0.2855402850042271,0.555766103427419,45,0.24193548387096775,0.21505376344086022,0,7,9,0.0,0.9037433155080214,0.0962566844919786,0.7807486631016043,0.1930755437957563,0.10160427807486631,0.8983957219251337,0.06417112299465241,11,8,29.0,34.5,15.472556349873152,2.0,55.0,648.5294117647059,859.8841066925442,121,0,1,0,0,0,1,0,0,1,0,0,1,0.0,6967.0,11.0,0.0,0.0,6978.0,0.0015763829177414732,0.9984236170822586,290.847,23.954175219273367,72324.84578785703,417.31163415366217,0.005769962308356925,0.599753109533711,0.5,0.2955447880269472,1.5023130314433288,1.1267347735824966,0.0025355314010761603,0.006823417116725058,0.0787581822471125,41.75236864771748,550.0498659089865,13.174099667254605,0.009331036462819409,65.0,0.009331036462819409,11.0,2702.123076923077,998.0,5027.8656781143,115847.47748833935,20380.543694134845,1340.0,711.0,10.382550357142842,15.317065512483829,0.001435544071202986,4.0,0.4447954055994257,188.0,0.027030913012221422,0.09738944216644269,0.28758550045225734
c4jthmvc4kk57hh14pugnmmj9j,advanced_bot,train,1,322,21,21,43,279,0,0.13354037267080746,0.8664596273291926,2,322,0,0,0,0.0,520.0,1.6199376947040498,2.0,0.8081215454714233,0.0,4.0,0.6192307692307693,-0.33434775222945445,0.4988596463390902,68,0.2118380062305296,0.18691588785046728,0,7,13,0.0,0.9347826086956522,0.06521739130434782,0.8105590062111802,0.15535471701219258,0.07763975155279502,0.922360248447205,0.059006211180124224,18,12,30.470588235294116,30.0,21.981590284114684,2.0,77.0,596.027950310559,582.6367585266844,121,0,1,0,0,0,1,0,0,1,0,0,1,0.0,9797.0,18.0,0.0,0.0,9815.0,0.0018339276617422313,0.9981660723382577,519.06,18.874503910915887,99337.7941649424,1105.4845091632899,0.01112853892575591,0.5886406731950077,0.49079828640624357,0.29804008149096817,2.0123078084749815,1.1267347735824966,0.002494910446167845,0.00667478858624193,0.07024672335395507,52.986933442221314,781.2462764192182,14.744130782188305,0.010718660677827684,149.0,0.015210289914250715,18.0,2400.6979865771814,988.0,5876.178480922816,116961.8387122421,20569.763611396058,1340.0,712.0,10.140648648932462,9.709859586755229,0.0018374846876276032,6.0,0.38754466564573764,271.0,0.02771811394088166,0.10346934909314826,0.2948573915854009
trga4mrvjvogdgoi9vrqkmi92j,advanced_bot,train,1,223,15,15,33,190,0,0.14798206278026907,0.852017937219731,2,223,0,0,0,0.0,356.0,1.6036036036036037,2.0,0.8304918685759649,0.0,4.0,0.6264044943820225,-0.31761767106668554,0.5178909966962477,50,0.22522522522522523,0.19369369369369369,0,6,7,0.0,0.9327354260089686,0.06726457399103139,0.7937219730941704,0.1717728519148372,0.08968609865470852,0.9103139013452914,0.06278026905829596,13,6,29.083333333333332,18.0,22.302684193213654,3.0,61.0,615.8834080717489,627.791505794025,121,0,1,0,0,0,1,0,0,1,0,0,1,0.0,7305.0,13.0,0.0,0.0,7318.0,0.0017764416507242415,0.9982235583492758,350.356,20.850220918151823,76088.25557472097,295.24396691549856,0.0038802830303496716,0.5929331545517519,0.48507125007266594,0.29964497315944416,2.25,1.1267347735824966,0.0025252704385526,0.006978548925315026,0.09130434782608696,47.967688937568454,645.3190606855993,13.453203082714774,0.010815991237677985,91.0,0.012458926615553121,12.0,2526.065934065934,985.0,5215.881986467063,111226.66758284412,29064.252979099292,1342.0,718.0,10.417340577042848,15.643025102579966,0.0017798466593647317,8.0,0.44954128440366975,196.0,0.026886145404663924,0.09564748463021631,0.2825256263144093
m53jq0p03vjq9ggef5fqamii89,advanced_bot,train,1,122,14,14,29,93,0,0.23770491803278687,0.7622950819672131,2,122,0,0,0,0.0,173.0,1.4297520661157024,2.0,1.0190454639205524,0.0,5.0,0.7052023121387283,-0.16771766434649638,0.7127427811236234,42,0.34710743801652894,0.2892561983471074,0,6,6,0.0,0.8852459016393442,0.11475409836065574,0.6721311475409836,0.26686491626298925,0.14754098360655737,0.8524590163934427,0.09836065573770492,11,5,16.9,15.5,7.98060148109151,8.0,34.0,616.0983606557377,439.1692494579324,121,0,1,0,0,0,1,0,0,1,0,0,1,0.0,3325.0,11.0,0.0,0.0,3336.0,0.0032973621103117505,0.9967026378896883,170.328,19.521159175238363,32980.90499654487,179.44637081869334,0.005440917125757841,0.5838656950772547,0.5,0.30218102631813376,2.2534695471649933,1.1267347735824966,0.0027406540592309534,0.007452283439711026,0.09389456446520805,51.24187725631769,280.8028360091757,5.479948258034497,0.021359807460890494,98.0,0.029482551143200964,6.0,1192.030612244898,986.0,1154.7738311477735,118899.29608719543,4626.222947685002,1340.0,486.0,9.922053248058024,4.711684545474007,0.003309265944645006,0.0,0.47547396930484503,118.0,0.035628019323671496,0.09822873761494809,0.2990823206332649
4j64bd6drdkbib7sfpaue62poi,advanced_bot,train,1,304,19,19,46,258,0,0.1513157894736842,0.8486842105263158,2,304,0,0,0,0.0,494.0,1.6303630363036303,2.0,0.8415776871556028,0.0,5.0,0.6153846153846154,-0.3190955760638959,0.5161903627695297,67,0.22112211221122113,0.1848184818481848,0,6,10,0.0,0.9375,0.0625,0.7828947368421053,0.17034575941530408,0.08881578947368421,0.9111842105263158,0.06578947368421052,19,9,27.166666666666668,15.0,21.27922826503714,8.0,78.0,657.2302631578947,854.7396646624627,121,0,1,0,0,0,1,0,0,1,0,0,1,0.0,9794.0,20.0,0.0,0.0,9814.0,0.002037905033625433,0.9979620949663746,490.169,19.980863742913158,100088.8636594096,230.98268333362137,0.002307776059079137,0.5743848282111845,0.4742504557822676,0.29453150866442884,2.2534695471649933,1.1267347735824966,0.0025448250576695624,0.007061840225959076,0.09544106317404678,50.052997038701115,554.9718571491389,11.087684853716816,0.011130399264780965,161.0,0.016440314510364547,25.0,2049.167701863354,987.0,3830.212979557468,117966.96606637472,20410.700073338423,1341.0,712.0,10.220449674196836,22.4664852585242,0.0018380475850097008,8.0,0.48018790849673204,295.0,0.030182115817474934,0.09599792018776374,0.2892301362044279
9hdhd3r1imn0bdlevf1s4g2ks4,advanced_bot,train,1,160,17,17,35,125,0,0.21875,0.78125,2,160,0,0,0,0.0,240.0,1.509433962264151,2.0,1.0209622081863157,0.0,5.0,0.6666666666666666,-0.19304161134217832,0.6763874629234341,49,0.3081761006289308,0.27044025157232704,0,7,9,0.0,0.89375,0.10625,0.69375,0.24705071057058295,0.13125,0.86875,0.09375,14,8,18.23076923076923,16.0,11.904451954263202,5.0,49.0,603.59375,479.6990240879561,121,0,1,0,0,0,1,0,0,1,0,0,1,0.0,3565.0,14.0,0.0,0.0,3579.0,0.003911707180776753,0.9960882928192233,238.358,14.956494013207024,35398.98835221371,513.3205626117076,0.014500995268685597,0.5675683481286318,0.5,0.2913197740790654,1.2018504251546631,1.125,0.002636769009543581,0.006950897671824508,0.0816343433763644,66.87934904601572,598.504265962144,8.949014523905559,0.02244668911335578,110.0,0.030864197530864196,13.0,1642.418181818182,996.5,3007.3319022978676,128198.67570870765,11496.956795870716,1342.0,711.0,9.932376080868044,18.60749953502621,0.003928170594837262,1.0,0.469828795958462,122.0,0.034375880529726684,0.09912390392838254,0.31916895226827086
uojjl06k7ee9lk3pc48ppaan0a,advanced_bot,train,1,175,15,15,27,148,0,0.15428571428571428,0.8457142857142858,2,175,0,0,0,0.0,292.0,1.6781609195402298,2.0,0.8774866521375777,0.0,5.0,0.5993150684931506,-0.31329604139314154,0.5228858817532142,37,0.21264367816091953,0.1781609195402299,0,6,7,0.0,0.9142857142857143,0.08571428571428572,0.7885714285714286,0.18574373798677615,0.09714285714285714,0.9028571428571428,0.06285714285714286,10,6,31.77777777777778,23.0,20.009874105760762,10.0,64.0,606.7085714285714,603.0823025432071,121,0,1,0,0,0,1,0,0,1,0,0,1,0.0,5535.0,10.0,0.0,0.0,5545.0,0.0018034265103697023,0.9981965734896303,287.317,19.264436145442144,56259.32642349774,264.20068130116545,0.004696122369336032,0.5834171830325378,0.48507125007266594,0.2903453338302757,2.2534695471649933,1.1267347735824966,0.0025721587241950986,0.007032312565240803,0.09544106317404678,51.91850379472353,775.5224733416634,14.937303979481776,0.012468377303939284,79.0,0.014275388507408745,10.0,2486.26582278481,986.0,6009.8693970705035,117202.41455042192,20343.059835015574,1342.0,711.0,10.166123314690592,19.681171898079793,0.0014456089627755693,2.0,0.4113500813302006,148.0,0.026787330316742082,0.10092195845000763,0.2825290761417609
as0na0kr8o0gfoe8do6a6cjsfi,advanced_bot,train,1,220,20,20,40,180,0,0.18181818181818182,0.8181818181818182,2,220,0,0,0,0.0,340.0,1.552511415525114,2.0,0.9415476395978288,0.0,5.0,0.6470588235294118,-0.24496764608373248,0.6064674502115427,59,0.2694063926940639,0.2374429223744292,0,6,11,0.0,0.9090909090909091,0.09090909090909091,0.7454545454545455,0.2097196293053531,0.10909090909090909,0.8909090909090909,0.07727272727272727,16,10,22.266666666666666,16.0,14.345576166733615,3.0,50.0,672.8545454545455,881.4538180690066,121,0,1,0,0,0,1,0,0,1,0,0,1,0.0,7738.0,16.0,0.0,0.0,7754.0,0.0020634511220015478,0.9979365488779984,335.238,23.082108830144556,77219.82904863442,296.16887074775434,0.0038353992024667905,0.5890884580567949,0.48507125007266594,0.29885853517751293,2.2534695471649933,1.1267347735824966,0.002610552294913743,0.007127905945972727,0.09642073439730717,43.32919736331912,478.6783097236178,11.04747696362474,0.011632415664986429,108.0,0.013958898797983715,16.0,1924.8055555555557,994.5,3581.021653461723,115654.40253865931,20345.659832772188,1340.0,712.0,9.980590545254545,7.364163496661462,0.0019387359441644049,2.0,0.4485522233712513,214.0,0.027716617018520916,0.09512906199813619,0.28103455406423117
ebnjc41jpisf779951hm4okh7p,advanced_bot,train,1,130,13,13,19,111,0,0.14615384615384616,0.8538461538461538,2,130,0,0,0,0.0,188.0,1.4573643410852712,2.0,0.9725516023294384,0.0,5.0,0.6914893617021277,-0.19951831670133235,0.6673359398962636,42,0.32558139534883723,0.2713178294573643,0,7,5,0.0,0.9,0.1,0.7461538461538462,0.21443766092590938,0.1,0.9,0.05384615384615385,6,4,36.6,40.0,12.57934815481311,15.0,52.0,592.8538461538461,547.7256909121637,121,0,1,0,0,0,1,0,0,1,0,0,1,0.0,2664.0,14.0,0.0,0.0,2678.0,0.005227781926811053,0.9947722180731889,183.667,14.504510881105478,28036.804813417737,264.8867682614592,0.009447822960720931,0.5457497539793139,0.48507125007266594,0.27755358712783607,1.8027756377319946,1.125,0.0028267330376955577,0.007347554632013563,0.09084317423631794,68.96995869320315,722.5932576462052,10.476927510722364,0.027037176117161096,70.0,0.026286143447239955,10.0,2004.1142857142856,997.0,4002.130891494313,158307.35363911212,21217.065019834023,1340.0,712.0,10.528278187539518,34.50400510875108,0.005257228689447991,3.0,0.398572501878287,113.0,0.04267371601208459,0.12728757616199965,0.3669996326298013
m01ltdunc7d4tjuh0r8opr8c3k,advanced_bot,train,1,215,16,16,27,188,0,0.12558139534883722,0.8744186046511628,2,215,0,0,0,0.0,359.0,1.6775700934579438,2.0,0.7635147956770375,0.0,4.0,0.5988857938718662,-0.37444633812173955,0.45513138238129813,39,0.1822429906542056,0.1588785046728972,0,6,8,0.0,0.9255813953488372,0.07441860465116279,0.8232558139534883,0.15681549939180314,0.07906976744186046,0.9209302325581395,0.05116279069767442,10,7,34.77777777777778,23.0,23.775700843871753,9.0,81.0,595.9860465116279,608.6479906723475,121,0,1,0,0,0,1,0,0,1,0,0,1,0.0,6179.0,11.0,0.0,0.0,6190.0,0.001777059773828756,0.9982229402261712,357.416,17.287978154307584,64462.52054609731,1232.2085862385475,0.019115116439751872,0.585266135425831,0.48507125007266594,0.3044017824965147,2.0030840419244385,1.1267347735824966,0.002748199827342284,0.0076579060402452905,0.17925227331449925,57.85302686953707,670.8843798846859,11.596357462809694,0.014082227258012302,122.0,0.01974749109744254,16.0,2103.622950819672,985.0,4303.759628487764,118294.27670625078,21259.044283844538,1342.0,713.0,10.434205332809535,18.860577998897693,0.0016186468112657818,7.0,0.4076412497976364,187.0,0.030322685260256204,0.10627446928474012,0.30425518130806967
v3hbnujku5f0bm2mmbjqrr9rg8,advanced_bot,train,1,329,20,20,41,288,0,0.12462006079027356,0.8753799392097265,2,329,0,0,0,0.0,553.0,1.6859756097560976,2.0,0.8349373567214599,0.0,5.0,0.5949367088607594,-0.3375912871057122,0.49522505064129985,65,0.19817073170731708,0.16463414634146342,0,7,12,0.0,0.939209726443769,0.060790273556231005,0.817629179331307,0.14906397761947546,0.0729483282674772,0.9270516717325228,0.0547112462006079,17,11,34.1875,34.5,17.17272091865468,3.0,69.0,581.6838905775076,543.5038947987946,121,0,1,0,0,0,1,0,0,1,0,0,1,0.0,12404.0,19.0,0.0,0.0,12423.0,0.0015294212348064074,0.9984705787651936,547.902,22.639085091859492,127813.06684119551,832.8175070205957,0.0065159026976118984,0.5977702522880848,0.5,0.2983424336339175,2.2534695471649933,1.1267347735824966,0.002536162357415535,0.006908622685418681,0.15007413572251457,44.17495767153108,552.614566414324,12.509679590943017,0.009836329920180601,170.0,0.013706361364186084,19.0,2018.2941176470588,985.0,4281.105243010279,120573.08481761665,19401.38778645538,1341.0,712.0,10.305012242295858,14.051768987594786,0.0013706361364186083,7.0,0.4394452507660055,323.0,0.02607993540573274,0.09589380465580474,0.28247827283204463
20054o9vd2q32sqnc3g6kj17om,advanced_bot,train,1,268,16,16,46,222,0,0.17164179104477612,0.8283582089552238,2,268,0,0,0,0.0,425.0,1.591760299625468,2.0,0.8222146777159818,0.0,4.0,0.6305882352941177,-0.3187877377076209,0.5165442798827462,65,0.24344569288389514,0.18726591760299627,0,6,8,0.0,0.9402985074626866,0.05970149253731343,0.7761194029850746,0.17786916652828721,0.12313432835820895,0.8768656716417911,0.05223880597014925,13,7,33.833333333333336,22.0,23.811178513929587,10.0,77.0,612.1007462686567,599.1231661423203,121,0,1,0,0,0,1,0,0,1,0,0,1,0.0,8280.0,14.0,0.0,0.0,8294.0,0.0016879672052085846,0.9983120327947914,419.206,19.751625692380355,84259.96036432809,296.33089612796033,0.0035168648886928938,0.5920153930521584,0.48507125007266594,0.3068395763546547,2.2534695471649933,1.1267347735824966,0.0026893230404142895,0.007756319868736325,0.21021921453481415,50.634859282522044,655.7150466411048,12.949873978763916,0.010750090590651044,140.0,0.01691025486169827,13.0,2027.0071428571428,985.5,4631.695566569283,116848.47561843625,21985.982325127192,1330.0,712.0,10.177552888552734,10.256416579342064,0.001570237951443411,3.0,0.45228316018361925,217.0,0.026255293405928616,0.09641449290555341,0.2915513205338669
lu2vabqtd7mhjirluaij1a6qcg,advanced_bot,train,1,180,16,16,27,153,0,0.15,0.85,2,180,0,0,0,0.0,288.0,1.6089385474860336,2.0,0.8800257053255005,0.0,5.0,0.625,-0.29285789915911936,0.5469604210182798,44,0.24581005586592178,0.18994413407821228,0,7,8,0.0,0.9111111111111111,0.08888888888888889,0.7833333333333333,0.1874506699975562,0.09444444444444444,0.9055555555555556,0.06111111111111111,10,7,31.77777777777778,28.0,15.083307755247393,11.0,62.0,584.3444444444444,497.3458367756029,121,0,1,0,0,0,1,0,0,1,0,0,1,0.0,5851.0,12.0,0.0,0.0,5863.0,0.0020467337540508272,0.9979532662459492,287.211,20.37178241780433,60059.00464779892,720.3700437969363,0.011994372001690122,0.5818809451656893,0.5,0.2954740730707461,2.0030840419244385,1.1267347735824966,0.002591912297518441,0.007063602051486486,0.08473683674705042,49.095897435897434,527.6518185062121,10.747370881551683,0.014188034188034188,119.0,0.020341880341880343,9.0,1612.81512605042,985.0,3345.242657328443,111223.05995936636,24578.68442608022,1339.0,718.0,10.26649652099127,20.74334591168514,0.0018803418803418803,4.0,0.43443323645067533,172.0,0.02946214457005824,0.10154160210442134,0.2920838296547604
j09afvs25gdij4vebr11kt9gpr,advanced_bot,train,1,156,15,15,26,130,0,0.16666666666666666,0.8333333333333334,2,156,0,0,0,0.0,238.0,1.5354838709677419,2.0,0.8445454540363133,0.0,3.0,0.6554621848739496,-0.2903066822213425,0.5500190982169267,40,0.25806451612903225,0.21935483870967742,0,7,7,0.0,0.9038461538461539,0.09615384615384616,0.7692307692307693,0.20347794494800492,0.10256410256410256,0.8974358974358975,0.0641025641025641,10,6,26.22222222222222,19.0,24.489352687683034,5.0,80.0,597.7179487179487,515.4260721303199,121,0,1,0,0,0,1,0,0,1,0,0,1,0.0,3523.0,10.0,0.0,0.0,3533.0,0.002830455703368242,0.9971695442966317,236.922,14.869872785136037,34965.364859252746,179.44637081869334,0.005132117784013547,0.5760014800593498,0.5,0.29919376782112644,2.0030840419244385,1.1267347735824966,0.002632168127285118,0.0071379790219340405,0.09698044111526183,67.26916524701873,713.913648536786,10.6127918477244,0.022998296422487224,115.0,0.0326519023282226,8.0,1568.4782608695652,985.0,3644.0799527042936,123559.34003538163,18322.30877501072,1341.0,712.0,9.92770155004337,9.61781444265338,0.0028392958546280523,1.0,0.49616586197103096,125.0,0.03560239248077471,0.09726757499135052,0.2935369365200858
mld2vskicvoo3bvkk0fnjtuv7u,advanced_bot,train,1,211,17,17,29,182,0,0.13744075829383887,0.8625592417061612,2,211,0,0,0,0.0,344.0,1.638095238095238,2.0,0.8120967514938403,0.0,4.0,0.6133720930232558,-0.33711582198908663,0.4957567378305421,42,0.2,0.18571428571428572,0,7,9,0.0,0.919431279620853,0.08056872037914692,0.8104265402843602,0.16749264364435767,0.08530805687203792,0.9146919431279621,0.05687203791469194,11,8,33.9,30.5,19.623710148695125,8.0,64.0,599.3791469194313,573.4615341320899,121,0,1,0,0,0,1,0,0,1,0,0,1,0.0,6705.0,11.0,0.0,0.0,6716.0,0.0016378796902918405,0.9983621203097082,340.147,19.71206566572688,69068.01529530057,264.20068130116545,0.0038252247465281053,0.5991411264941435,0.5,0.30377400953207434,2.25,1.1267347735824966,0.002692499176817185,0.007445199854963673,0.09360543553479195,50.73791766109785,636.4039084917966,12.542964666832296,0.011634844868735084,119.0,0.017750596658711218,11.0,1935.1932773109243,985.0,4381.854738103165,117778.88427127906,20780.244453897914,1341.0,711.0,10.302508248105694,11.368713366374552,0.0014916467780429594,3.0,0.42846486647769655,190.0,0.028387867921709248,0.09969886079628956,0.28708946531709234
mk7jdh4qi5dkquenuvef8qk855,advanced_bot,train,1,247,16,16,41,206,0,0.1659919028340081,0.8340080971659919,2,247,0,0,0,0.0,386.0,1.5691056910569106,2.0,0.807297013808547,0.0,3.0,0.6398963730569949,-0.3205722143341417,0.5144949880748771,62,0.25203252032520324,0.1910569105691057,0,7,7,0.0,0.9352226720647774,0.06477732793522267,0.7773279352226721,0.1811243772948207,0.1214574898785425,0.8785425101214575,0.048582995951417005,11,6,33.2,38.0,15.911002482559043,6.0,51.0,633.34008097166,806.2429522855471,121,0,1,0,0,0,1,0,0,1,0,0,1,0.0,8242.0,14.0,0.0,0.0,8256.0,0.001695736434108527,0.9983042635658915,385.1,21.402233186185406,84876.58608051765,330.1893396219811,0.0038902288000691853,0.5959855236177127,0.5,0.29584469385545187,2.25,1.1267347735824966,0.0025245648883153856,0.006780471816424494,0.09114344129089887,46.729765805120735,659.07974927687,14.104067031396223,0.010921004732435385,104.0,0.012619827690814222,14.0,2396.7115384615386,987.0,5369.054722118004,118751.21116240107,21571.23620355927,1330.0,711.0,10.299306647314362,14.58996257644239,0.0015774784613517777,4.0,0.4336165048543689,228.0,0.02771362586605081,0.09914618072355494,0.29292090317400726
vtcjrbtjq57mnai4banl61pd25,advanced_bot,test,1,371,18,18,39,332,0,0.10512129380053908,0.894878706199461,2,371,0,0,0,0.0,638.0,1.7243243243243243,2.0,0.8972647340232651,0.0,10.0,0.5815047021943573,-0.3154802571621817,0.5203572908912353,66,0.1783783783783784,0.14864864864864866,0,7,10,0.0,0.9514824797843666,0.04851752021563342,0.8409703504043127,0.12884742485941325,0.06199460916442048,0.9380053908355795,0.04582210242587601,16,9,42.0,50.0,23.542868700875573,6.0,88.0,594.5417789757413,618.0724669487144,121,0,1,0,0,0,1,0,0,1,0,0,1,0.0,13937.0,20.0,0.0,0.0,13957.0,0.0014329727018700293,0.99856702729813,632.03,22.051168457193487,147582.0610944117,436.6463099580712,0.0029586679215622166,0.5981684914901784,0.48507125007266594,0.2965319424982555,2.2638462845343543,1.1267347735824966,0.002489637394749388,0.006767561409121425,0.09630211740021338,45.352324913892076,783.643710214224,17.279019580629758,0.007462686567164179,104.0,0.007462686567164179,22.0,3855.5865384615386,993.5,8225.607573550391,112055.84507794068,22341.783005978552,1341.0,718.0,10.589987162342975,21.680760747657427,0.0013633754305396096,13.0,0.43408683171869394,369.0,0.026516240298936476,0.09868349620386777,0.2908761050379177
071tbv7fsev5d64kb0f9jieor6,advanced_bot,test,1,401,22,22,46,355,0,0.11471321695760599,0.885286783042394,2,401,0,0,0,0.0,680.0,1.7,2.0,0.7648529270389176,0.0,5.0,0.5897058823529412,-0.3793926455825075,0.44991348649348095,73,0.1825,0.145,0,7,13,0.0,0.9451371571072319,0.05486284289276808,0.8354114713216958,0.1347485250474587,0.06733167082294264,0.9326683291770573,0.04987531172069826,19,12,37.55555555555556,36.5,23.056024091624735,3.0,75.0,605.3266832917706,709.2106008234937,121,0,1,0,0,0,1,0,0,1,0,0,1,0.0,12413.0,20.0,0.0,0.0,12433.0,0.0016086222150727902,0.9983913777849273,677.103,18.33251366483386,127571.10824655711,178.46568297574746,0.0013989506356786227,0.5904586982499328,0.48507125007266594,0.30071270084235285,2.2534695471649933,1.1267347735824966,0.0025945298559556496,0.007046783278429354,0.10284378796023777,54.552288108282305,629.067545820576,11.531460322469387,0.01160167579761521,267.0,0.021511440541411537,23.0,1778.2808988764045,985.0,3919.074512363266,114987.83004341004,20276.338400640245,1342.0,711.0,10.278046104298832,12.639560163883536,0.0016113438607798904,8.0,0.4651518813955362,325.0,0.026228714389476233,0.09362013452245066,0.2863011145940427
6ntd0tthl2oaq1l21tho6bflst,advanced_bot,test,1,221,18,18,35,186,0,0.1583710407239819,0.8416289592760181,2,221,0,0,0,0.0,362.0,1.6454545454545455,2.0,0.9104081366105047,0.0,5.0,0.6104972375690608,-0.28759229281056226,0.5532867128572128,50,0.22727272727272727,0.19545454545454546,0,7,10,0.0,0.918552036199095,0.08144796380090498,0.7782805429864253,0.18586815458534572,0.09502262443438914,0.9049773755656109,0.06787330316742081,14,9,27.692307692307693,16.0,24.234065709830908,3.0,75.0,624.7963800904978,645.1294858875674,121,0,1,0,0,0,1,0,0,1,0,0,1,0.0,6760.0,14.0,0.0,0.0,6774.0,0.002066725715972837,0.9979332742840271,360.702,18.741232374647215,67569.35591552604,453.5471309577429,0.006712319879514008,0.5822227274659136,0.48507125007266594,0.3014197710095233,2.2534695471649933,1.1267347735824966,0.002635217016862485,0.007368399423635326,0.09389456446520805,53.36617842876165,643.2145757739011,12.052850601482103,0.012723775706465454,124.0,0.01834590915815949,14.0,2016.8709677419354,985.0,4315.45992197696,119199.86575321243,19405.05515596005,1342.0,711.0,9.99694568952893,10.555651620189026,0.0019233614440005919,4.0,0.46951760875998816,187.0,0.027724240177909563,0.09419912463676844,0.2881372346881436
imgld2d8lq8ugjvfur481ofr2n,advanced_bot,test,1,141,18,18,31,110,0,0.2198581560283688,0.7801418439716312,2,141,0,0,0,0.0,181.0,1.292857142857143,2.0,0.9219267756128122,0.0,2.0,0.7790055248618785,-0.16747925797681495,0.7130925336231696,54,0.38571428571428573,0.32142857142857145,0,7,10,0.0,0.8723404255319149,0.1276595744680851,0.6950354609929078,0.2588269020104264,0.1347517730496454,0.8652482269503546,0.09219858156028368,12,9,16.181818181818183,9.0,20.966719003819456,2.0,73.0,629.4255319148937,572.2481264393703,121,0,1,0,0,0,1,0,0,1,0,0,1,0.0,5155.0,12.0,0.0,0.0,5167.0,0.002322430810915425,0.9976775691890846,179.344,28.74364350075832,51370.16333006999,1224.5689037371478,0.023838135297894514,0.5864815938140822,0.5,0.30042971789001194,2.2534695471649933,1.125,0.0032404000811527946,0.00804592694338235,0.09389456446520805,34.797050834303455,442.86123961615806,12.72697625223971,0.016492045013581685,54.0,0.010477299185098952,2.0,1719.8148148148148,986.5,3980.857045606925,123175.42455521888,19055.36359508957,1342.0,711.0,9.96704759993597,8.73034281658695,0.002328288707799767,2.0,0.4688530952843004,136.0,0.026453997276794396,0.09320231417631641,0.29308619608597036
htodnmm7tjpihgeuqk64c0gjes,advanced_bot,test,1,218,20,20,37,181,0,0.16972477064220184,0.8302752293577982,2,218,0,0,0,0.0,316.0,1.456221198156682,2.0,0.8846726109079731,0.0,4.0,0.689873417721519,-0.24415827195385723,0.6075125207817411,65,0.2995391705069124,0.2534562211981567,0,6,12,0.0,0.908256880733945,0.09174311926605505,0.7568807339449541,0.201073778769387,0.10091743119266056,0.8990825688073394,0.07339449541284404,15,11,22.071428571428573,16.5,18.084975159800805,2.0,51.0,651.5779816513761,702.4230382417757,121,0,1,0,0,0,1,0,0,1,0,0,1,0.0,8116.0,16.0,0.0,0.0,8132.0,0.001967535661583866,0.9980324643384161,310.333,26.15255225838051,82109.85585279978,314.2499005568657,0.003827188554809166,0.5941484632156674,0.48507125007266594,0.29470216968290164,2.2638462845343543,1.1267347735824966,0.002585906664382254,0.0072195465572666324,0.09389456446520805,38.241897720271105,684.4697057462689,17.898424151253565,0.007024029574861368,33.0,0.004066543438077634,7.0,5316.909090909091,1133.0,9339.637632849983,117179.43267913128,20345.86693553382,1342.0,711.0,10.118281682415253,9.307165695389585,0.0018484288354898336,5.0,0.4085531180675376,220.0,0.02716384738856649,0.10194555418901752,0.2898571682867896
0i5kvpslrq3vb6u8ff2kuejv0v,advanced_bot,test,1,283,20,20,40,243,0,0.1413427561837456,0.8586572438162544,2,283,0,0,0,0.0,465.0,1.648936170212766,2.0,0.8170277408136714,0.0,4.0,0.6086021505376344,-0.33735628720244315,0.4954877912031297,58,0.20567375886524822,0.1773049645390071,0,7,11,0.0,0.9293286219081272,0.0706713780918728,0.7985865724381626,0.1670735952001604,0.08480565371024736,0.9151943462897526,0.06007067137809187,16,10,30.666666666666668,30.0,17.552461049348288,9.0,63.0,628.2473498233215,784.2401167539136,121,0,1,0,0,0,1,0,0,1,0,0,1,0.0,8584.0,17.0,0.0,0.0,8601.0,0.001976514358795489,0.9980234856412045,460.995,18.620592414234427,90825.91767995685,351.71721595622813,0.0038724322851938974,0.5921364625609115,0.5,0.3004314659335321,2.2534695471649933,1.1267347735824966,0.0026081183729528483,0.00719077920411198,0.12195397911889337,53.71024117441454,606.2748907864808,11.287882488140575,0.01339857858557614,163.0,0.018991028777816613,21.0,1965.3128834355828,985.0,3953.362523936078,123066.72035956653,19014.64284686165,1341.0,712.0,10.582071266451923,21.385600220805692,0.0015146219270651287,8.0,0.4838033092519226,251.0,0.029291632629244953,0.09498162068323719,0.2888585877277828
69pb8jcum0600139r70m1aqbrf,advanced_bot,test,1,239,17,17,26,213,0,0.1087866108786611,0.891213389121339,2,239,0,0,0,0.0,382.0,1.6050420168067228,2.0,0.8118708283539118,0.0,5.0,0.6256544502617801,-0.3281753374106854,0.5058252804927513,55,0.23109243697478993,0.18067226890756302,0,6,8,0.0,0.9288702928870293,0.07112970711297072,0.8242677824267782,0.1512167526022945,0.07112970711297072,0.9288702928870293,0.04184100418410042,9,7,47.375,45.0,10.534912197071222,34.0,63.0,613.2928870292887,799.9851868343729,121,0,1,0,0,0,1,0,0,1,0,0,1,0.0,8906.0,16.0,0.0,0.0,8922.0,0.0017933198834342075,0.9982066801165658,380.572,23.40161651408932,94191.71776549751,588.1802444829306,0.006244500667747471,0.6015621629304398,0.48507125007266594,0.2999987304528336,1.8027756377319946,1.1267347735824966,0.0025967172541275234,0.0070888311846435915,0.13365384615384615,42.73688938798428,595.5854747893917,13.936097907884797,0.009769792251544077,101.0,0.011341942728804042,10.0,2310.4059405940593,985.0,5106.142688179005,124563.71005444544,22601.37573623083,1341.0,718.0,10.577396717068783,20.079608081890157,0.0017967434025828186,7.0,0.4102650494159928,244.0,0.027452745274527453,0.10174370845620577,0.2942296841724173
656v65u3buefq447rk141pj08c,advanced_bot,test,1,214,17,17,31,183,0,0.14485981308411214,0.8551401869158879,2,214,0,0,0,0.0,348.0,1.6338028169014085,2.0,0.8759612284769697,0.0,5.0,0.6149425287356322,-0.3019573054367287,0.5361486829471107,47,0.22065727699530516,0.19248826291079812,0,7,9,0.0,0.9205607476635514,0.0794392523364486,0.7990654205607477,0.1732965568051259,0.08878504672897196,0.9112149532710281,0.06074766355140187,12,8,31.454545454545453,22.0,25.762423786182136,2.0,79.0,614.1495327102804,631.7417667710115,121,0,1,0,0,0,1,0,0,1,0,0,1,0.0,6333.0,12.0,0.0,0.0,6345.0,0.0018912529550827422,0.9981087470449173,346.69,18.267039718480486,65553.81019489837,612.413259164104,0.009342145900342559,0.591661120768183,0.4909876225363096,0.3014700541163645,2.2534695471649933,1.1267347735824966,0.0027380858583836765,0.00749861176716959,0.09389456446520805,54.752053063802904,731.8748750370975,13.36707637582538,0.013423878711307643,113.0,0.017845862286797222,11.0,2148.9646017699115,985.0,5054.540116208159,112997.1670812962,21574.035005158345,1342.0,711.0,10.352781142592919,17.404480538882925,0.0018951358180669614,4.0,0.442900015795293,173.0,0.027377749643931002,0.09871822595892149,0.29649171683376396
q80o426gl01opbf2ve05c36c4u,advanced_bot,test,1,225,18,18,50,175,0,0.2222222222222222,0.7777777777777778,2,225,0,0,0,0.0,303.0,1.3526785714285714,2.0,0.904202472330942,0.0,2.0,0.7425742574257426,-0.19871499224015715,0.6684533128783201,79,0.35267857142857145,0.29464285714285715,0,7,10,0.0,0.92,0.08,0.7066666666666667,0.22825456254917628,0.15555555555555556,0.8444444444444444,0.07111111111111111,15,9,20.785714285714285,19.0,14.890929988364304,2.0,45.0,636.0711111111111,599.2986451297224,121,0,1,0,0,0,1,0,0,1,0,0,1,0.0,9171.0,16.0,0.0,0.0,9187.0,0.0017415913791226734,0.9982584086208773,301.77,30.390694900089475,93363.12534991257,296.33089612796033,0.003173960758247451,0.5925607525262236,0.5,0.2904249515436345,2.0030840419244385,1.1267347735824966,0.0025939901549593696,0.0066062332996393025,0.0650363401730553,32.908396946564885,533.4359464340869,16.209721406371,0.010577971646673937,49.0,0.0053435114503816794,8.0,2989.5714285714284,1000.0,6667.545541728262,115185.69378001594,20887.283196627504,1330.0,712.0,10.181365905115875,13.37528873817646,0.0016357688113413304,4.0,0.4455229577925619,251.0,0.02741970723181123,0.0963949160662154,0.2908294658976034
j732r4nonn5d5q37e9u2g9hr11,advanced_bot,test,1,203,19,19,53,150,0,0.26108374384236455,0.7389162561576355,2,203,0,0,0,0.0,265.0,1.311881188118812,2.0,0.9370046153835496,0.0,5.0,0.7660377358490567,-0.16669435689061596,0.714245027575385,87,0.4306930693069307,0.2871287128712871,0,7,10,0.0,0.9064039408866995,0.09359605911330049,0.645320197044335,0.26426900273599135,0.18719211822660098,0.812807881773399,0.07881773399014778,15,9,18.071428571428573,11.0,12.50979208297179,2.0,41.0,669.7832512315271,831.4061045334221,121,0,1,0,0,0,1,0,0,1,0,0,1,0.0,6410.0,19.0,0.0,0.0,6429.0,0.002955358531653445,0.9970446414683466,260.782,24.57991732558229,63374.14711542536,261.48996156640504,0.004126129872645781,0.5857003001251462,0.5,0.29542468922993464,2.2534695471649933,1.1267347735824966,0.002702162127920806,0.007250412849177134,0.09389456446520805,40.68996723357778,436.29362457797316,10.722388201333796,0.012326415977531596,76.0,0.011858324231549384,10.0,2037.1184210526317,997.5,3466.6333963079373,132315.95472324104,17348.146941060793,1330.0,711.0,9.888305057797684,5.999897286073086,0.002964581057887346,1.0,0.4318039950062422,222.0,0.03474722178744717,0.10459665586070357,0.307509883177785
1afcff96kgdbmevi5aemi5mkuj,advanced_bot,test,1,261,17,17,34,227,0,0.13026819923371646,0.8697318007662835,2,261,0,0,0,0.0,425.0,1.6346153846153846,2.0,0.8419036614410993,0.0,5.0,0.6141176470588235,-0.32009110708700983,0.5150469458227902,58,0.2230769230769231,0.18076923076923077,0,7,8,0.0,0.9348659003831418,0.06513409961685823,0.8084291187739464,0.15867258294118103,0.08045977011494253,0.9195402298850575,0.05363984674329502,13,7,35.083333333333336,25.0,24.160775143930202,5.0,84.0,636.919540229885,824.2945557256959,121,0,1,0,0,0,1,0,0,1,0,0,1,0.0,7871.0,16.0,0.0,0.0,7887.0,0.0020286547483200205,0.99797134525168,422.112,18.646709877947085,82255.55543532006,296.2043213729334,0.0036010251198880724,0.5815321200606084,0.48507125007266594,0.2983311652535279,2.25,1.1267347735824966,0.0025734206595127438,0.006928144242819989,0.08748210144597436,53.63557814485387,655.5273152947944,12.221874695270527,0.01372299872935197,140.0,0.017789072426937738,15.0,2093.6428571428573,985.0,4463.03145546264,122688.71147071841,22008.33011244831,1340.0,712.0,10.45178595112072,23.51276800755959,0.0020330368487928843,8.0,0.43309187952725886,232.0,0.029542849866293137,0.09904388259422833,0.2865988954680478
mc9vvj20cc427d1vhl9aah593q,advanced_bot,test,1,265,17,17,37,228,0,0.13962264150943396,0.8603773584905661,2,265,0,0,0,0.0,433.0,1.6401515151515151,2.0,0.8808019631309186,0.0,5.0,0.6120092378752887,-0.3012152181951226,0.5370247535024538,59,0.22348484848484848,0.1893939393939394,0,6,9,0.0,0.9358490566037736,0.06415094339622641,0.7962264150943397,0.16586093412028982,0.0830188679245283,0.9169811320754717,0.06037735849056604,15,8,30.571428571428573,30.0,17.413928274780037,4.0,60.0,583.4943396226415,545.2005213300205,121,0,1,0,0,0,1,0,0,1,0,0,1,0.0,9259.0,17.0,0.0,0.0,9276.0,0.0018326865028029324,0.9981673134971971,429.234,21.57098459115541,96211.33814948676,178.6644900364927,0.0018570003647480273,0.5906991428547983,0.5,0.2962088440948081,2.0030840419244385,1.1267347735824966,0.0026547720826714818,0.007239185198494784,0.08207688801730806,46.36357744653273,545.4099326384572,11.763758594069522,0.01123352775977533,135.0,0.01458198314970836,16.0,2053.251851851852,984.0,4038.8330230924994,118946.51302593572,21299.439977993,1342.0,711.0,10.392237864494142,20.318547356450154,0.0017282350399654353,5.0,0.4081235821540456,260.0,0.028135483172816795,0.10141058277453871,0.2960897659747434
a511chc13vi6tde0dr4780cr9n,advanced_bot,test,1,216,17,17,36,180,0,0.16666666666666666,0.8333333333333334,2,216,0,0,0,0.0,347.0,1.613953488372093,2.0,0.9174234383743033,0.0,6.0,0.622478386167147,-0.27515856790756427,0.568432389770822,53,0.24651162790697675,0.2,0,6,8,0.0,0.9212962962962963,0.0787037037037037,0.7638888888888888,0.19638231712526372,0.10648148148148148,0.8935185185185185,0.06481481481481481,13,7,28.333333333333332,26.0,17.94590637319708,4.0,61.0,662.0601851851852,855.0712884986727,121,0,1,0,0,0,1,0,0,1,0,0,1,0.0,6557.0,15.0,0.0,0.0,6572.0,0.002282410225197809,0.9977175897748022,345.026,19.004364888443188,66701.74564912506,1140.4494727957044,0.01709774551920837,0.5865697551893371,0.48507125007266594,0.2989858137432815,2.2534695471649933,1.1267347735824966,0.0026346547671649858,0.00712836464139539,0.09544106317404678,52.62751677852349,690.2319324406135,13.115418980252683,0.01296522269676632,100.0,0.01525320317266626,15.0,2370.81,985.0,5076.982624935799,125085.7637671029,22399.735642969365,1330.0,711.0,10.174152783576123,14.010669084857964,0.0021354484441732766,5.0,0.43996948893974064,194.0,0.02965907353615655,0.10073199904555744,0.2940752781339406
iae9nd0n4lmdfntp4ib72dt4fh,advanced_bot,test,1,201,16,16,35,166,0,0.17412935323383086,0.8258706467661692,2,201,0,0,0,0.0,322.0,1.61,2.0,0.9787236586493657,0.0,6.0,0.6242236024844721,-0.24385621046936884,0.6079028935710346,52,0.26,0.21,0,7,8,0.0,0.9203980099502488,0.07960199004975124,0.7562189054726368,0.1981715042932133,0.1044776119402985,0.8955223880597015,0.07462686567164178,14,7,24.307692307692307,24.0,11.15198923534835,5.0,44.0,598.1194029850747,479.02900926047937,121,0,1,0,0,0,1,0,0,1,0,0,1,0.0,6536.0,14.0,0.0,0.0,6550.0,0.002137404580152672,0.9978625954198473,317.428,20.590496112504255,65589.89042878478,297.4373883693844,0.004534805385783218,0.5771182973037616,0.5,0.29340133362069126,2.0030840419244385,1.1267347735824966,0.0025147437396814683,0.0068171962340161174,0.09308772877431792,48.573527161438406,382.7625569052711,7.880065115162956,0.01423106350420811,140.0,0.02142310635042081,15.0,1506.95,984.0,2159.8701426739262,116977.3581575642,19556.480928501256,1341.0,711.0,10.036708558345032,15.115269343062115,0.0019892884468247895,3.0,0.4738292011019284,183.0,0.028063180493789298,0.09373334101946819,0.2858135352542082
icjl2m9q6satjga38pfqqnmjl8,advanced_bot,test,1,146,16,16,31,115,0,0.21232876712328766,0.7876712328767124,2,146,0,0,0,0.0,204.0,1.4068965517241379,2.0,0.9999762185043783,0.0,4.0,0.7156862745098039,-0.16906599229219962,0.7107674102114454,52,0.3586206896551724,0.296551724137931,0,6,8,0.0,0.8904109589041096,0.1095890410958904,0.684931506849315,0.25245919700721614,0.13013698630136986,0.8698630136986302,0.08904109589041095,12,7,17.90909090909091,13.0,14.221971129555754,7.0,53.0,605.7671232876712,501.9980494572144,121,0,1,0,0,0,1,0,0,1,0,0,1,0.0,3608.0,15.0,0.0,0.0,3623.0,0.004140215291195142,0.9958597847088049,198.299,18.19474631742974,35778.72266515717,436.6463099580712,0.01220407765935411,0.5679218987546704,0.5,0.28856014923206563,2.2534695471649933,1.1262143415077472,0.0027196202040540986,0.007104813054804566,0.09160604757956463,54.976157471583036,605.5892373179144,11.015488625790937,0.02134738009426116,72.0,0.0199611865816468,10.0,1930.236111111111,997.0,3844.8926494660695,146304.2380795049,18191.883581877668,1341.0,712.0,9.919246649613854,16.787522472070048,0.0038813418353202105,2.0,0.4118136439267887,132.0,0.036748329621380846,0.1109656353838834,0.3282049743681051
koftcfkosigp4f2ibgfi0dm0co_0,human,external_phase2,2,4193,33,33,36,4157,0,0.008585738134986884,0.9914142618650131,2,4193,0,0,0,0.0,1610.0,0.38406488549618323,0.0,0.4863733640167674,0.0,1.0,2.6043478260869564,0.11753674494179268,1.2663833179865147,4192,1.0,0.6159351145038168,0,7,27,0.00023849272597185786,0.9921297400429286,0.007870259957071309,0.9914142618650131,0.009437117245944876,0.001669449081803005,0.998330550918197,0.00023849272597185786,29,25,55.892857142857146,32.5,59.991868071380125,0.0,226.0,433.03505843071787,166.44695993426726,78,0,1,0,1,0,0,0,1,0,0,0,1,0.0,,,,,,,,,,,,,,,,,,,,,,,,,,,,,,,,,,,,,,,,,,,
89vshcu5jgp79ebb68f7jjkqc5_0,human,external_phase2,2,4433,22,22,24,4409,0,0.0054139408978118655,0.9945860591021881,2,4432,1,0,0,0.0,1489.0,0.33596570397111913,0.0,0.47423391261900916,0.0,2.0,2.977165883143049,0.1706594348067169,1.411554533732336,4428,0.9990974729241877,0.6649368231046932,0,12,16,0.00022558087074216106,0.9950372208436724,0.004962779156327543,0.9945860591021881,0.005931166900012404,0.0018046469659372885,0.9981953530340627,0.00022558087074216106,16,14,78.06666666666666,27.0,96.48175417605596,1.0,336.0,426.91427926911797,124.955112559575,78,0,1,0,1,0,0,0,1,0,0,0,1,0.0,,,,,,,,,,,,,,,,,,,,,,,,,,,,,,,,,,,,,,,,,,,
cmtn6a23es1vk1v038j2pd0cqa_0,human,external_phase2,2,1935,31,31,34,1901,0,0.01757105943152455,0.9824289405684754,2,1935,0,0,0,0.0,946.0,0.4891416752843847,0.0,0.6412532871444105,0.0,18.0,2.0454545454545454,0.13456501215574687,1.3109765933797992,1930,0.9979317476732161,0.5211995863495347,0,6,24,0.0010335917312661498,0.9839793281653747,0.016020671834625324,0.9824289405684754,0.019457938154578643,0.0036175710594315244,0.9963824289405685,0.0005167958656330749,27,23,35.38461538461539,22.5,33.62471266457377,1.0,135.0,448.6,260.26222157533385,78,0,1,0,1,0,0,0,1,0,0,0,1,0.0,,,,,,,,,,,,,,,,,,,,,,,,,,,,,,,,,,,,,,,,,,,
cmtn6a23es1vk1v038j2pd0cqa_1,human,external_phase2,2,3770,27,27,36,3734,0,0.009549071618037135,0.9904509283819629,2,3770,0,0,0,0.0,988.0,0.26213849827540464,0.0,0.44040044360862235,0.0,2.0,3.8157894736842106,0.25373959321765915,1.6800296274907869,3768,0.9997346776333245,0.7381268240912708,0,10,27,0.0002652519893899204,0.9928381962864722,0.007161803713527852,0.9904509283819629,0.01013132757854877,0.0,1.0,0.0,36,26,28.17142857142857,9.0,56.995481381941005,1.0,305.0,433.3538461538462,146.1884888163067,78,0,1,0,1,0,0,0,1,0,0,0,1,0.0,,,,,,,,,,,,,,,,,,,,,,,,,,,,,,,,,,,,,,,,,,,
8is1s1cv7tu0c13vcqka04ck8m_0,human,external_phase2,2,2582,19,19,18,2564,0,0.006971340046475601,0.9930286599535244,2,2582,0,0,0,0.0,1053.0,0.4079814025571484,0.0,0.4914596399752989,0.0,1.0,2.4520417853751186,0.0928112388368569,1.2046128497400252,2581,1.0,0.5920185974428516,0,6,12,0.0003872966692486445,0.9926413632842758,0.007358636715724245,0.9930286599535244,0.007855594248114132,0.003098373353989156,0.9969016266460109,0.0003872966692486445,10,10,107.66666666666667,13.0,153.31739047551724,1.0,445.0,441.34972889233154,630.7754081207169,77,0,1,0,1,0,0,0,1,0,0,0,1,0.0,,,,,,,,,,,,,,,,,,,,,,,,,,,,,,,,,,,,,,,,,,,
8is1s1cv7tu0c13vcqka04ck8m_1,human,external_phase2,2,5195,19,19,18,5177,0,0.0034648700673724736,0.9965351299326275,2,5195,0,0,0,0.0,1108.0,0.21332306507508664,0.0,0.4101236333915763,0.0,2.0,4.688628158844765,0.3156654270533651,1.9225470684439057,5193,0.9998074701578745,0.7868694647670389,0,11,19,0.00019249278152069297,0.9963426371511068,0.0036573628488931666,0.9965351299326275,0.003869157356837744,0.0,1.0,0.0,18,18,32.529411764705884,4.0,107.40583708919385,0.0,461.0,424.96034648700675,97.36934418976742,77,0,1,0,1,0,0,0,1,0,0,0,1,0.0,,,,,,,,,,,,,,,,,,,,,,,,,,,,,,,,,,,,,,,,,,,
ad9scp2lb57iibuqakamfu5hjg_0,human,external_phase2,2,1276,14,14,13,1263,0,0.01018808777429467,0.9898119122257053,2,1276,0,0,0,0.0,1262.0,0.9898039215686274,1.0,0.14516373711384187,0.0,2.0,1.011093502377179,-0.7441975795462654,0.14665908464354072,1268,0.9945098039215686,0.01568627450980392,0,6,8,0.0007836990595611285,0.9890282131661442,0.0109717868338558,0.9898119122257053,0.0116054173776071,0.0054858934169279,0.9945141065830722,0.0007836990595611285,6,6,218.2,170.0,115.10238920196227,90.0,427.0,433.1418495297806,181.35513343758828,72,0,1,0,1,0,0,0,1,0,0,0,1,0.0,,,,,,,,,,,,,,,,,,,,,,,,,,,,,,,,,,,,,,,,,,,
ad9scp2lb57iibuqakamfu5hjg_1,human,external_phase2,2,1225,8,8,7,1218,0,0.005714285714285714,0.9942857142857143,2,1225,0,0,0,0.0,1216.0,0.9934640522875817,1.0,0.12109155106960069,0.0,2.0,1.0074013157894737,-0.7827088200806535,0.12188820601084806,1219,0.9959150326797386,0.010620915032679739,0,3,8,0.0,0.9934693877551021,0.006530612244897959,0.9942857142857143,0.006515603601847928,0.0,1.0,0.0,7,7,169.66666666666666,134.5,143.46621747141572,5.0,396.0,427.49551020408165,108.550231860575,72,0,1,0,1,0,0,0,1,0,0,0,1,0.0,,,,,,,,,,,,,,,,,,,,,,,,,,,,,,,,,,,,,,,,,,,
7a9emfkn0ri8ntg4k0uotsi07v_0,human,external_phase2,2,1319,22,22,25,1294,0,0.018953752843062926,0.9810462471569371,2,1319,0,0,0,0.0,1128.0,0.8558421851289834,1.0,0.35978624489277183,0.0,2.0,1.1693262411347518,-0.4080654318255241,0.42038853791549047,1314,0.9969650986342944,0.1471927162367223,0,7,15,0.000758150113722517,0.9833206974981046,0.016679302501895376,0.9810462471569371,0.020835254076691824,0.006065200909780136,0.9939347990902199,0.000758150113722517,17,13,61.875,29.5,84.4806745652519,3.0,344.0,453.1918119787718,344.6639092871516,78,0,1,0,1,0,0,0,1,0,0,0,1,0.0,,,,,,,,,,,,,,,,,,,,,,,,,,,,,,,,,,,,,,,,,,,
7a9emfkn0ri8ntg4k0uotsi07v_1,human,external_phase2,2,1333,8,8,9,1324,0,0.006751687921980495,0.9932483120780196,2,1333,0,0,0,0.0,1095.0,0.8220720720720721,1.0,0.38245206286697164,0.0,1.0,1.217351598173516,-0.3649740145948574,0.46522935866557646,1332,1.0,0.17792792792792791,0,3,8,0.0007501875468867217,0.9939984996249063,0.006001500375093774,0.9932483120780196,0.007397797893549134,0.0,1.0,0.0,9,7,136.75,71.5,167.91273775387023,3.0,535.0,435.3735933983496,207.6922458353001,78,0,1,0,1,0,0,0,1,0,0,0,1,0.0,,,,,,,,,,,,,,,,,,,,,,,,,,,,,,,,,,,,,,,,,,,
oq11t11ns4t2gj9cdnl10da80s_0,human,external_phase2,2,1638,20,20,21,1617,0,0.01282051282051282,0.9871794871794872,2,1638,0,0,0,0.0,1407.0,0.8594990836896762,1.0,0.3729431797225186,0.0,2.0,1.164179104477612,-0.3947900184955173,0.4339075943182395,1622,0.9908368967623702,0.14966401954795358,0,4,14,0.0006105006105006105,0.9877899877899878,0.01221001221001221,0.9871794871794872,0.014312873897553473,0.004273504273504274,0.9957264957264957,0.0006105006105006105,14,12,107.3076923076923,48.0,213.97533452943176,3.0,834.0,437.66117216117215,195.3029626568877,78,0,1,0,1,0,0,0,1,0,0,0,1,0.0,,,,,,,,,,,,,,,,,,,,,,,,,,,,,,,,,,,,,,,,,,,
oq11t11ns4t2gj9cdnl10da80s_1,human,external_phase2,2,2325,10,10,11,2314,0,0.004731182795698925,0.995268817204301,2,2325,0,0,0,0.0,2337.0,1.0055938037865748,1.0,0.19116375250401843,0.0,7.0,0.9948652118100129,-0.6805305276758987,0.1901003683437479,2295,0.9875215146299484,0.009036144578313253,0,3,9,0.00043010752688172043,0.9956989247311828,0.004301075268817204,0.995268817204301,0.0051862525256355955,0.00043010752688172043,0.9995698924731182,0.0,10,8,259.22222222222223,52.0,513.4267832207385,1.0,1676.0,428.4688172043011,143.92632074025514,78,0,1,0,1,0,0,0,1,0,0,0,1,0.0,,,,,,,,,,,,,,,,,,,,,,,,,,,,,,,,,,,,,,,,,,,
gt6ccjle54o9oqntbbt3vci5pa_0,human,external_phase2,2,1196,17,17,26,1170,0,0.021739130434782608,0.9782608695652174,2,1196,0,0,0,0.0,1150.0,0.9623430962343096,1.0,0.2510320777157696,0.0,3.0,1.04,-0.5862251295309632,0.26085507206116926,1181,0.9882845188284519,0.0502092050209205,0,4,17,0.0008361204013377926,0.9857859531772575,0.014214046822742474,0.9782608695652174,0.022257982834989774,0.0,1.0,0.0,26,16,45.92,27.0,68.47184530885669,1.0,346.0,451.7006688963211,221.6524835059798,114,0,1,1,0,0,0,0,1,0,0,0,1,0.0,,,,,,,,,,,,,,,,,,,,,,,,,,,,,,,,,,,,,,,,,,,
q9ebqjoa4ni6shhp702u8eg2v2_0,human,external_phase2,2,1240,25,25,35,1205,0,0.028225806451612902,0.9717741935483871,2,1240,0,0,0,0.0,6719.0,5.422921711057304,1.0,153.45072634194202,0.0,5403.0,0.1845512725107903,0.9317328987215268,28.29668848603455,1215,0.9806295399515739,0.06133979015334948,2,8,18,0.0032258064516129032,0.9798387096774194,0.020161290322580645,0.9717741935483871,0.03034628834851594,0.01129032258064516,0.9887096774193549,0.0016129032258064516,21,17,332.95,48.5,1181.5801062560254,2.0,5479.0,452.7056451612903,255.71143256085696,114,0,1,1,0,0,0,0,1,0,0,0,1,0.0,,,,,,,,,,,,,,,,,,,,,,,,,,,,,,,,,,,,,,,,,,,
p7g6ccuqqfum0pbfk5q82nhnam_0,human,external_phase2,2,1568,32,32,47,1521,0,0.029974489795918366,0.9700255102040817,2,1568,0,0,0,0.0,1505.0,0.9604339502233568,1.0,0.25705973932389475,0.0,4.0,1.041860465116279,-0.5777230854979013,0.26764957576115816,1552,0.990427568602425,0.05105296745373325,0,7,25,0.0,0.9795918367346939,0.02040816326530612,0.9700255102040817,0.031293366249797665,0.004464285714285714,0.9955357142857143,0.0006377551020408163,40,24,35.56410256410256,16.0,42.329473802537834,2.0,184.0,470.1619897959184,328.678690619683,114,0,1,1,0,0,0,0,1,0,0,0,1,0.0,,,,,,,,,,,,,,,,,,,,,,,,,,,,,,,,,,,,,,,,,,,
j8e0t5t4nnr92fupp8rh18ihkq_0,human,external_phase2,2,1415,17,17,24,1391,0,0.01696113074204947,0.9830388692579505,2,1415,0,0,0,0.0,1371.0,0.9695898161244696,1.0,0.31431248032055004,0.0,4.0,1.0320933625091175,-0.5103794405682648,0.3241705668659794,1379,0.9752475247524752,0.0594059405940594,0,4,17,0.0,0.9879858657243816,0.012014134275618375,0.9830388692579505,0.01796176375609149,0.0,1.0,0.0,24,16,54.82608695652174,49.0,46.164782524752084,3.0,162.0,450.53780918727915,247.93791216306525,115,0,1,1,0,0,0,0,1,0,0,0,1,0.0,,,,,,,,,,,,,,,,,,,,,,,,,,,,,,,,,,,,,,,,,,,
fhob1hm9t3bm6ea9fm9fppec77_0,human,external_phase2,2,1241,18,18,24,1217,0,0.019339242546333603,0.9806607574536664,2,1241,0,0,0,0.0,1213.0,0.978225806451613,1.0,0.1513703447492636,0.0,2.0,1.023083264633141,-0.7319921025078894,0.1547396764130972,1239,0.9991935483870967,0.02258064516129032,0,6,12,0.0008058017727639,0.9854955680902499,0.014504431909750202,0.9806607574536664,0.020713921098396683,0.0056406124093473006,0.9943593875906527,0.0008058017727639,17,10,72.125,26.0,91.1303153456631,1.0,278.0,450.07655116841255,265.98773051810423,78,0,1,0,1,0,0,0,1,0,0,0,1,0.0,,,,,,,,,,,,,,,,,,,,,,,,,,,,,,,,,,,,,,,,,,,
fhob1hm9t3bm6ea9fm9fppec77_1,human,external_phase2,2,1253,13,13,22,1231,0,0.017557861133280128,0.9824421388667198,2,1253,0,0,0,0.0,1223.0,0.9768370607028753,1.0,0.17034140394534086,0.0,2.0,1.0245298446443172,-0.7030254503642966,0.17438057051477251,1248,0.9968051118210862,0.026357827476038338,0,3,13,0.0007980845969672786,0.9896249002394254,0.010375099760574621,0.9824421388667198,0.017902143009301635,0.0,1.0,0.0,22,12,58.04761904761905,10.0,75.50053685742664,2.0,237.0,447.5514764565044,215.92845969099113,78,0,1,0,1,0,0,0,1,0,0,0,1,0.0,,,,,,,,,,,,,,,,,,,,,,,,,,,,,,,,,,,,,,,,,,,
m1rt858554qvald7e7pmrm1d8b_0,human,external_phase2,2,2389,24,24,28,2361,0,0.011720385098367517,0.9882796149016325,2,2389,0,0,0,0.0,1199.0,0.5020938023450586,1.0,0.5016678760572444,0.0,2.0,1.9924937447873228,-0.00042433009446245115,0.9991516997703916,2386,0.9991624790619765,0.49874371859296485,0,6,16,0.0,0.9899539556299707,0.010046044370029301,0.9882796149016325,0.012710625633848758,0.0033486814566764337,0.9966513185433236,0.0004185851820845542,20,15,61.78947368421053,8.0,136.13483213628916,3.0,604.0,442.3026370866471,277.8769209022356,114,0,1,1,0,0,0,0,1,0,0,0,1,0.0,,,,,,,,,,,,,,,,,,,,,,,,,,,,,,,,,,,,,,,,,,,
m1rt858554qvald7e7pmrm1d8b_1,human,external_phase2,2,1200,17,17,24,1176,0,0.02,0.98,2,1200,0,0,0,0.0,1163.0,0.9699749791492911,1.0,0.18919763695494854,0.0,2.0,1.0318142734307825,-0.6735643435214919,0.19505414162423326,1195,0.9966638865721434,0.03336113427856547,0,4,17,0.0008333333333333334,0.9858333333333333,0.014166666666666666,0.98,0.021133364381225917,0.0,1.0,0.0,24,16,50.52173913043478,5.0,112.2465723560015,1.0,411.0,454.22833333333335,256.06061039765996,114,0,1,1,0,0,0,0,1,0,0,0,1,0.0,,,,,,,,,,,,,,,,,,,,,,,,,,,,,,,,,,,,,,,,,,,
4m80gpjmc7m39n63ksnr40i6fo_0,human,external_phase2,2,1048,18,18,22,1026,0,0.02099236641221374,0.9790076335877863,2,1048,0,0,0,0.0,1058.0,1.0105062082139447,1.0,0.9265707547832107,0.0,30.0,0.9905482041587902,-0.043330985311427296,0.9169372214158994,1031,0.9847182425978988,0.033428844317096466,1,6,10,0.0,0.982824427480916,0.01717557251908397,0.9790076335877863,0.022765914451644047,0.007633587786259542,0.9923664122137404,0.0009541984732824427,14,9,78.3076923076923,44.0,71.1038077692745,3.0,249.0,461.4236641221374,404.76223570792337,78,0,1,0,1,0,0,0,1,0,0,0,1,0.0,,,,,,,,,,,,,,,,,,,,,,,,,,,,,,,,,,,,,,,,,,,
2ing4ldnnd40og2ej20qnsesbb_0,human,external_phase2,2,1684,18,18,39,1645,0,0.02315914489311164,0.9768408551068883,2,1681,3,0,0,0.0,1292.0,0.7676767676767676,1.0,0.44559080808308643,0.0,3.0,1.303405572755418,-0.2654698485550171,0.5804406578977047,1668,0.9910873440285205,0.24183006535947713,0,6,12,0.0,0.9893111638954869,0.010688836104513063,0.9768408551068883,0.02296926442441258,0.009501187648456057,0.9904988123515439,0.0005938242280285036,23,11,57.09090909090909,33.0,64.77928196499886,2.0,285.0,454.32363420427555,289.9063660570069,78,0,1,0,1,0,0,0,1,0,0,0,1,0.0,,,,,,,,,,,,,,,,,,,,,,,,,,,,,,,,,,,,,,,,,,,
sfhla3ba8au3uncr3k687c8e55_1,human,external_phase2,2,351,15,15,15,336,0,0.042735042735042736,0.9572649572649573,2,351,0,0,0,0.0,2645.0,7.557142857142857,1.0,123.19362642538262,0.0,2309.0,0.132703213610586,0.8844038486563175,16.301614082753844,346,0.9885714285714285,0.045714285714285714,1,6,8,0.002849002849002849,0.9572649572649573,0.042735042735042736,0.9572649572649573,0.04919476499234833,0.019943019943019943,0.98005698005698,0.002849002849002849,8,7,43.714285714285715,21.0,48.948119140033754,3.0,128.0,477.11965811965814,371.7600970081625,115,0,1,1,0,0,0,0,1,0,0,0,1,0.0,,,,,,,,,,,,,,,,,,,,,,,,,,,,,,,,,,,,,,,,,,,
sfhla3ba8au3uncr3k687c8e55_2,human,external_phase2,2,1457,34,34,58,1399,0,0.03980782429649966,0.9601921757035004,2,1457,0,0,0,0.0,1347.0,0.9251373626373627,1.0,0.2997709433786791,0.0,2.0,1.0816629547141796,-0.5105414145591513,0.32402857725267764,1441,0.9896978021978022,0.08516483516483517,0,3,34,0.0006863417982155113,0.9766643788606726,0.023335621139327384,0.9601921757035004,0.04044183976345768,0.0,1.0,0.0,58,33,23.614035087719298,15.0,23.709317426718005,1.0,98.0,492.7652711050103,391.3004695402252,115,0,1,1,0,0,0,0,1,0,0,0,1,0.0,,,,,,,,,,,,,,,,,,,,,,,,,,,,,,,,,,,,,,,,,,,
p5keafiscisucgq2tut00s0s7l_0,human,external_phase2,2,912,18,18,17,895,0,0.01864035087719298,0.981359649122807,2,912,0,0,0,0.0,888.0,0.9747530186608123,1.0,0.17662315906316448,0.0,2.0,1.027027027027027,-0.6931964331374121,0.18119785800286356,908,0.9967069154774972,0.02854006586169045,0,6,11,0.0,0.9802631578947368,0.019736842105263157,0.981359649122807,0.021349638620944796,0.007675438596491228,0.9923245614035088,0.0010964912280701754,10,10,96.55555555555556,73.0,96.45046064184812,8.0,326.0,441.97587719298247,206.7261395820839,114,0,1,1,0,0,0,0,1,0,0,0,1,0.0,,,,,,,,,,,,,,,,,,,,,,,,,,,,,,,,,,,,,,,,,,,
03jt2p4bdru20sjb9me2gco6j4_0,human,external_phase2,2,897,9,9,9,888,0,0.010033444816053512,0.9899665551839465,2,897,0,0,0,0.0,882.0,0.984375,1.0,0.18833519344319508,0.0,2.0,1.0170068027210883,-0.6788035194096437,0.19132464095816643,887,0.9899553571428571,0.025669642857142856,0,3,9,0.0,0.9899665551839465,0.010033444816053512,0.9899665551839465,0.011274420345918005,0.0,1.0,0.0,9,8,109.375,64.5,106.06712202657334,2.0,310.0,443.73467112597547,261.499106008793,114,0,1,1,0,0,0,0,1,0,0,0,1,0.0,,,,,,,,,,,,,,,,,,,,,,,,,,,,,,,,,,,,,,,,,,,
i6io829o6v8o8r5bo6tgoc903p_0,human,external_phase2,2,1607,13,13,13,1594,0,0.008089607965152458,0.9919103920348475,2,1607,0,0,0,0.0,1218.0,0.7584059775840598,1.0,0.4395326959947949,0.0,2.0,1.319376026272578,-0.2661849797674764,0.5795480375760595,1598,0.9950186799501868,0.2465753424657534,0,7,6,0.0,0.9919103920348475,0.008089607965152458,0.9919103920348475,0.009064142976980404,0.0043559427504667085,0.9956440572495333,0.0006222775357809583,6,5,221.0,140.0,204.80039062462745,34.0,582.0,429.28562538892345,145.9938919581119,114,0,1,1,0,0,0,0,1,0,0,0,1,0.0,,,,,,,,,,,,,,,,,,,,,,,,,,,,,,,,,,,,,,,,,,,
i6io829o6v8o8r5bo6tgoc903p_1,human,external_phase2,2,1656,14,14,13,1643,0,0.00785024154589372,0.9921497584541062,2,1656,0,0,0,0.0,1466.0,0.8858006042296073,1.0,0.37393661045706433,0.0,2.0,1.1296043656207366,-0.406326008158659,0.42214535491571725,1623,0.9806646525679759,0.13353474320241693,0,5,7,0.0006038647342995169,0.9915458937198067,0.008454106280193236,0.9921497584541062,0.008905176557845517,0.004227053140096618,0.9957729468599034,0.0006038647342995169,6,6,259.2,101.0,263.07671884832376,46.0,751.0,427.94746376811594,126.87101753428905,114,0,1,1,0,0,0,0,1,0,0,0,1,0.0,,,,,,,,,,,,,,,,,,,,,,,,,,,,,,,,,,,,,,,,,,,
36rja5utab0pakj5136bi7rkop_0,human,external_phase2,2,1110,21,21,24,1086,0,0.021621621621621623,0.9783783783783784,2,1110,0,0,0,0.0,1003.0,0.9044183949504058,1.0,0.3368933948317823,0.0,3.0,1.106679960119641,-0.4571977844649381,0.37249728301938845,1098,0.9900811541929666,0.1073038773669973,0,5,14,0.0,0.981081081081081,0.01891891891891892,0.9783783783783784,0.023891852571333295,0.006306306306306306,0.9936936936936936,0.0009009009009009009,17,13,60.4375,42.0,76.79434284991311,3.0,333.0,447.33423423423426,222.30079654228078,115,0,1,1,0,0,0,0,1,0,0,0,1,0.0,,,,,,,,,,,,,,,,,,,,,,,,,,,,,,,,,,,,,,,,,,,
36rja5utab0pakj5136bi7rkop_1,human,external_phase2,2,1079,22,22,26,1053,0,0.024096385542168676,0.9759036144578314,2,1079,0,0,0,0.0,975.0,0.9044526901669759,1.0,0.44048234976210643,0.0,2.0,1.1066666666666667,-0.3449760223581761,0.4870153569677443,1020,0.9461966604823747,0.14935064935064934,0,6,17,0.0009267840593141798,0.9796107506950881,0.020389249304911955,0.9759036144578314,0.026515529264140438,0.004633920296570899,0.995366079703429,0.0,21,16,48.55,14.5,60.34026433485355,2.0,209.0,461.59499536607973,309.190239618316,115,0,1,1,0,0,0,0,1,0,0,0,1,0.0,,,,,,,,,,,,,,,,,,,,,,,,,,,,,,,,,,,,,,,,,,,
1hv0rajig2vijia10tvjvhq12e_0,human,external_phase2,2,586,15,15,14,572,0,0.023890784982935155,0.9761092150170648,2,586,0,0,0,0.0,568.0,0.9709401709401709,1.0,0.6083549106197668,0.0,6.0,1.0316901408450705,-0.2295867723226638,0.6265627160432456,540,0.9230769230769231,0.14188034188034188,0,6,8,0.0,0.9744027303754266,0.025597269624573378,0.9761092150170648,0.027594208116569544,0.011945392491467578,0.9880546075085325,0.0017064846416382253,7,7,91.83333333333333,92.5,66.21283024375931,19.0,171.0,448.8259385665529,252.99334342756595,115,0,1,1,0,0,0,0,1,0,0,0,1,0.0,,,,,,,,,,,,,,,,,,,,,,,,,,,,,,,,,,,,,,,,,,,
1hv0rajig2vijia10tvjvhq12e_1,human,external_phase2,2,209,7,7,7,202,0,0.03349282296650718,0.9665071770334929,2,209,0,0,0,0.0,204.0,0.9807692307692307,1.0,0.27668258788342615,0.0,2.0,1.0245098039215685,-0.5599313090502539,0.28210773666545413,202,0.9711538461538461,0.04807692307692308,0,3,7,0.004784688995215311,0.9665071770334929,0.03349282296650718,0.9665071770334929,0.03841437614320689,0.0,1.0,0.0,7,6,33.666666666666664,13.5,35.97066706205056,3.0,89.0,489.8133971291866,419.70559129130834,115,0,1,1,0,0,0,0,1,0,0,0,1,0.0,,,,,,,,,,,,,,,,,,,,,,,,,,,,,,,,,,,,,,,,,,,
3dlhqa29pdkpur5c0fh3a1gcga_0,human,external_phase2,2,960,27,27,44,916,0,0.04583333333333333,0.9541666666666667,2,960,0,0,0,0.0,901.0,0.9395203336809176,1.0,0.24696738195821807,0.0,2.0,1.065482796892342,-0.5837000607710767,0.26286539322744856,957,0.9979144942648592,0.06256517205422316,0,7,20,0.0,0.971875,0.028125,0.9541666666666667,0.047318706544380786,0.007291666666666667,0.9927083333333333,0.0010416666666666667,37,19,24.72222222222222,13.5,31.417096470190938,1.0,114.0,491.925,375.011056225902,78,0,1,0,1,0,0,0,1,0,0,0,1,0.0,,,,,,,,,,,,,,,,,,,,,,,,,,,,,,,,,,,,,,,,,,,
ibf972u5q4vlvvev54goetuber_0,human,external_phase2,2,992,36,36,57,935,0,0.057459677419354836,0.9425403225806451,2,992,0,0,0,0.0,906.0,0.9142280524722503,1.0,0.3008722342997002,0.0,2.0,1.0949227373068433,-0.504777938783965,0.329099761800224,985,0.9939455095862765,0.09182643794147326,0,4,32,0.0,0.9637096774193549,0.036290322580645164,0.9425403225806451,0.05972798439373557,0.004032258064516129,0.9959677419354839,0.0010080645161290322,53,31,17.192307692307693,6.0,22.94059088295617,2.0,102.0,536.9818548387096,572.8264297519504,78,0,1,0,1,0,0,0,1,0,0,0,1,0.0,,,,,,,,,,,,,,,,,,,,,,,,,,,,,,,,,,,,,,,,,,,
n4sa8kulckaa6rohru1vnq336n_0,human,external_phase2,2,2240,15,15,17,2223,0,0.007589285714285714,0.9924107142857143,2,2240,0,0,0,0.0,2210.0,0.9870477891916034,1.0,0.414468339461065,0.0,13.0,1.0135746606334841,-0.40854289010643147,0.4199070642775224,2220,0.9915140687807057,0.0321572130415364,0,13,14,0.0,0.9933035714285714,0.006696428571428571,0.9924107142857143,0.00829838772281867,0.0004464285714285714,0.9995535714285714,0.0,16,13,146.86666666666667,77.0,192.64643492390118,1.0,659.0,435.78482142857143,244.31318115054023,115,0,1,1,0,0,0,0,1,0,0,0,1,0.0,,,,,,,,,,,,,,,,,,,,,,,,,,,,,,,,,,,,,,,,,,,
d0fqf9div7sivpkmojq2vkl5rj_0,human,external_phase2,2,1388,23,23,22,1366,0,0.01585014409221902,0.984149855907781,2,1388,0,0,0,0.0,1360.0,0.9805335255948089,1.0,0.3358794428626891,0.0,4.0,1.0205882352941176,-0.4897050531851649,0.3425476376842278,1329,0.9581831290555155,0.06344628695025234,0,5,16,0.0,0.9834293948126801,0.016570605187319884,0.984149855907781,0.018023263113196745,0.005043227665706052,0.9949567723342939,0.0007204610951008645,15,15,81.57142857142857,59.5,60.9492930765453,8.0,261.0,443.75792507204613,235.91199065822977,115,0,1,1,0,0,0,0,1,0,0,0,1,0.0,,,,,,,,,,,,,,,,,,,,,,,,,,,,,,,,,,,,,,,,,,,
cqifhegb8rual6rgoa4kp17cgp_0,human,external_phase2,2,984,13,13,19,965,0,0.019308943089430895,0.9806910569105691,2,984,0,0,0,0.0,969.0,0.9857578840284842,1.0,0.20121859270770773,0.0,3.0,1.0154798761609907,-0.6609560565833708,0.20412577567768495,972,0.9888097660223805,0.026449643947100712,0,3,12,0.0,0.9867886178861789,0.013211382113821139,0.9806910569105691,0.02007914345440164,0.0010162601626016261,0.9989837398373984,0.0,18,11,56.88235294117647,37.0,56.42160866082633,3.0,161.0,460.7469512195122,320.9662400104991,78,0,1,0,1,0,0,0,1,0,0,0,1,0.0,,,,,,,,,,,,,,,,,,,,,,,,,,,,,,,,,,,,,,,,,,,
1j8bfg4kkf15a9oj1igr147ol2_0,human,external_phase2,2,1816,30,30,39,1777,0,0.021475770925110133,0.9785242290748899,2,1816,0,0,0,0.0,2316.0,1.2760330578512398,1.0,14.492416701127786,0.0,456.0,0.7841105354058722,0.8381536451134483,11.357399098681748,1788,0.9851239669421488,0.21928374655647384,2,103,22,0.0005506607929515419,0.9834801762114538,0.016519823788546256,0.9785242290748899,0.022965624968612618,0.004405286343612335,0.9955947136563876,0.0005506607929515419,31,21,76.36666666666666,12.5,156.0654741517874,2.0,659.0,457.977422907489,335.7080754691624,78,0,1,0,1,0,0,0,1,0,0,0,1,0.0,,,,,,,,,,,,,,,,,,,,,,,,,,,,,,,,,,,,,,,,,,,
dathp4f9v59rcb8gv8qr01htqg_0,human,external_phase2,2,2608,27,27,32,2576,0,0.012269938650306749,0.9877300613496932,2,2608,0,0,0,0.0,940.0,0.36056770233985425,0.0,0.49896954030107776,0.0,7.0,2.774468085106383,0.16101901243509037,1.3838442463456486,2605,0.9992328346758726,0.6425009589566552,0,28,21,0.0003834355828220859,0.9896472392638037,0.010352760736196318,0.9877300613496932,0.013414692994653206,0.003834355828220859,0.9961656441717791,0.0003834355828220859,22,19,40.285714285714285,40.0,37.826852212407516,1.0,140.0,437.6253834355828,194.21920625041204,78,0,1,0,1,0,0,0,1,0,0,0,1,0.0,,,,,,,,,,,,,,,,,,,,,,,,,,,,,,,,,,,,,,,,,,,
h6kek9u7g8sjqhdu2jr9fg6s5h_0,human,external_phase2,2,2534,31,31,32,2502,0,0.012628255722178374,0.9873717442778216,2,2534,0,0,0,0.0,936.0,0.36952230556652194,0.0,0.4851229782058509,0.0,2.0,2.7072649572649574,0.135261581423666,1.312838145080577,2530,0.9988156336360048,0.6316620607974733,0,8,30,0.0,0.9877663772691397,0.0122336227308603,0.9873717442778216,0.01408968437872936,0.0003946329913180742,0.999605367008682,0.0,31,29,29.666666666666668,8.0,45.199065870386704,1.0,213.0,443.6112865035517,267.96141309843534,78,0,1,0,1,0,0,0,1,0,0,0,1,0.0,,,,,,,,,,,,,,,,,,,,,,,,,,,,,,,,,,,,,,,,,,,
vofhhjsbkpj6kc9it95e76nu1a_0,human,external_phase2,2,3622,88,88,248,3374,0,0.06847045831032579,0.9315295416896742,2,3622,0,0,0,0.0,12043.0,3.3258768296050816,1.0,106.1768486462089,0.0,5450.0,0.3007556256746658,0.9392549031970958,31.924468068415045,3557,0.9823253244959956,0.11847555923777962,2,6,81,0.0005521811154058532,0.9757040309221424,0.024295969077857537,0.9315295416896742,0.06261057711074872,0.003589177250138045,0.9964108227498619,0.0,235,80,51.44444444444444,2.0,421.7777991678144,0.0,5453.0,564.2730535615682,899.8036669939974,115,0,1,1,0,0,0,0,1,0,0,0,1,0.0,,,,,,,,,,,,,,,,,,,,,,,,,,,,,,,,,,,,,,,,,,,
vofhhjsbkpj6kc9it95e76nu1a_2,human,external_phase2,2,732,35,35,106,626,0,0.1448087431693989,0.855191256830601,2,732,0,0,0,0.0,570.0,0.7797537619699042,1.0,0.4642342969433515,0.0,2.0,1.2842105263157895,-0.2536354451040226,0.5953601246764736,715,0.9781121751025992,0.2421340629274966,0,4,34,0.001366120218579235,0.9521857923497268,0.04781420765027322,0.855191256830601,0.12955561075478042,0.001366120218579235,0.9986338797814208,0.0,105,33,5.471153846153846,2.0,14.516540122569754,0.0,104.0,702.6215846994536,777.9359689776419,115,0,1,1,0,0,0,0,1,0,0,0,1,0.0,,,,,,,,,,,,,,,,,,,,,,,,,,,,,,,,,,,,,,,,,,,
f8mmn03rdoojfjb50ma70ii8pg_0,human,external_phase2,2,1195,24,24,27,1168,0,0.022594142259414227,0.9774058577405857,2,1195,0,0,0,0.0,1196.0,1.001675041876047,1.0,0.7041374791506246,0.0,21.0,0.9991638795986622,-0.17442571153501935,0.7029599917272958,1173,0.9824120603015075,0.04522613065326633,0,6,18,0.0008368200836820083,0.9799163179916318,0.0200836820083682,0.9774058577405857,0.024927868675286215,0.005857740585774059,0.994142259414226,0.0008368200836820083,20,16,56.36842105263158,26.0,73.1697453483954,2.0,268.0,460.90962343096237,319.9406982699788,77,0,1,0,1,0,0,0,1,0,0,0,1,0.0,,,,,,,,,,,,,,,,,,,,,,,,,,,,,,,,,,,,,,,,,,,
6rm870g54tcodidn4igk93cg9t_0,human,external_phase2,2,1296,8,8,7,1289,0,0.005401234567901234,0.9945987654320988,2,1296,0,0,0,0.0,1291.0,0.9969111969111969,1.0,0.13030301717111384,0.0,2.0,1.0038729666924864,-0.7688052270043519,0.1307067445674612,1286,0.993050193050193,0.010038610038610039,0,4,7,0.0,0.9938271604938271,0.006172839506172839,0.9945987654320988,0.006152817252383261,0.0007716049382716049,0.9992283950617284,0.0,6,6,255.4,24.0,326.9676436591242,11.0,844.0,452.8479938271605,876.6812380208825,77,0,1,0,1,0,0,0,1,0,0,0,1,0.0,,,,,,,,,,,,,,,,,,,,,,,,,,,,,,,,,,,,,,,,,,,
1mvlnshabcf3gbr9subps50a00_0,human,external_phase2,2,1135,20,20,26,1109,0,0.02290748898678414,0.9770925110132158,2,1135,0,0,0,0.0,1104.0,0.9735449735449735,1.0,0.20830708661406908,0.0,2.0,1.0280797101449275,-0.6474904201020946,0.2139676052720601,1124,0.9911816578483245,0.03527336860670194,0,6,14,0.000881057268722467,0.9823788546255506,0.01762114537444934,0.9770925110132158,0.024671798332054417,0.006167400881057269,0.9938325991189427,0.000881057268722467,19,12,57.94444444444444,49.5,44.81749685883135,5.0,154.0,458.4308370044053,305.51064830819877,78,0,1,0,1,0,0,0,1,0,0,0,1,0.0,,,,,,,,,,,,,,,,,,,,,,,,,,,,,,,,,,,,,,,,,,,
d56qe8tlbmju1frcr1t6l1flja_0,human,external_phase2,2,1208,30,30,49,1159,0,0.04056291390728477,0.9594370860927153,2,1208,0,0,0,0.0,1108.0,0.9179784589892295,1.0,0.3058120614601287,0.0,2.0,1.0902527075812274,-0.5002215553233098,0.3331364243523243,1196,0.9908864954432477,0.09113504556752279,0,3,29,0.0,0.9751655629139073,0.024834437086092714,0.9594370860927153,0.04184142438928452,0.0008278145695364238,0.9991721854304636,0.0,48,28,22.97872340425532,12.0,23.67554565791654,2.0,104.0,501.45198675496687,471.9684097627018,78,0,1,0,1,0,0,0,1,0,0,0,1,0.0,,,,,,,,,,,,,,,,,,,,,,,,,,,,,,,,,,,,,,,,,,,
ikchggsmhgkjur8n2t4f0c75uh_0,human,external_phase2,2,987,21,21,24,963,0,0.0243161094224924,0.9756838905775076,2,987,0,0,0,0.0,960.0,0.973630831643002,1.0,0.21437772966515778,0.0,2.0,1.028125,-0.6390973320443101,0.22018379317692247,976,0.9898580121703854,0.036511156186612576,0,7,13,0.0,0.9787234042553191,0.02127659574468085,0.9756838905775076,0.0269079220443014,0.0070921985815602835,0.9929078014184397,0.0010131712259371835,17,13,45.875,32.0,53.60022737824906,3.0,226.0,457.1225937183384,287.7988648203015,78,0,1,0,1,0,0,0,1,0,0,0,1,0.0,,,,,,,,,,,,,,,,,,,,,,,,,,,,,,,,,,,,,,,,,,,
ml6u6ltsq0vhdsiqcbqnpbkh5k_0,human,external_phase2,2,1564,9,9,10,1554,0,0.00639386189258312,0.9936061381074168,2,1564,0,0,0,0.0,1549.0,0.9910428662827895,1.0,0.13354413948201918,0.0,2.0,1.0096836668818592,-0.7625010091750108,0.1347511233120697,1556,0.9955214331413947,0.013435700575815739,0,3,8,0.0,0.9942455242966752,0.005754475703324808,0.9936061381074168,0.006973884158291779,0.0006393861892583121,0.9993606138107417,0.0,9,7,18.75,12.0,22.807619340913245,3.0,77.0,428.9264705882353,130.84722095945253,78,0,1,0,1,0,0,0,1,0,0,0,1,0.0,,,,,,,,,,,,,,,,,,,,,,,,,,,,,,,,,,,,,,,,,,,
dft8qvdauujqen81pdjev9po2o_0,human,external_phase2,2,1326,37,37,52,1274,0,0.0392156862745098,0.9607843137254902,2,1326,0,0,0,0.0,1223.0,0.9230188679245283,1.0,0.2960723069872563,0.0,2.0,1.0842191332788225,-0.5142737260669932,0.3207651731464551,1314,0.9916981132075472,0.08528301886792453,0,6,29,0.0,0.9720965309200603,0.02790346907993967,0.9607843137254902,0.04133305467551192,0.006033182503770739,0.9939668174962293,0.0007541478129713424,44,28,28.069767441860463,8.0,33.987956381866866,2.0,133.0,495.47511312217193,465.9400548892268,78,0,1,0,1,0,0,0,1,0,0,0,1,0.0,,,,,,,,,,,,,,,,,,,,,,,,,,,,,,,,,,,,,,,,,,,
u6rj19l797n5lnvk6qlunbmp8a_0,human,external_phase2,2,1064,27,27,44,1020,0,0.041353383458646614,0.9586466165413534,2,1064,0,0,0,0.0,976.0,0.9181561618062088,1.0,0.3126068375447312,0.0,2.0,1.0901639344262295,-0.4920113170292107,0.3404724060553783,1051,0.9887111947318908,0.09313264346190028,0,4,26,0.0,0.974624060150376,0.02537593984962406,0.9586466165413534,0.04209018580992523,0.0009398496240601503,0.9990601503759399,0.0,43,25,22.738095238095237,9.0,26.063164595897298,1.0,113.0,534.0516917293234,1052.8631685320147,78,0,1,0,1,0,0,0,1,0,0,0,1,0.0,,,,,,,,,,,,,,,,,,,,,,,,,,,,,,,,,,,,,,,,,,,
2ojc0m4iu85a1fggs34ppevk2k_0,human,external_phase2,2,1467,13,13,15,1452,0,0.010224948875255624,0.9897750511247444,2,1467,0,0,0,0.0,1513.0,1.0320600272851297,1.0,0.7513031782848747,0.0,16.0,0.969596827495043,-0.15743111000796867,0.7279646129316762,1401,0.9556616643929059,0.048431105047748974,0,7,6,0.0,0.9911383776414451,0.008861622358554875,0.9897750511247444,0.01110172481668459,0.004771642808452625,0.9952283571915473,0.0006816632583503749,8,5,106.85714285714286,23.0,211.43146716163713,3.0,624.0,434.0852079072938,181.98522444088695,78,0,1,0,1,0,0,0,1,0,0,0,1,0.0,,,,,,,,,,,,,,,,,,,,,,,,,,,,,,,,,,,,,,,,,,,
7r2rm6dnna7k51md8e5m4ufpgs_0,human,external_phase2,2,588,16,16,21,567,0,0.03571428571428571,0.9642857142857143,2,588,0,0,0,0.0,559.0,0.9522998296422487,1.0,0.24992126606865833,0.0,2.0,1.0518783542039356,-0.5842341030942019,0.2624396836892709,582,0.9914821124361158,0.056218057921635436,0,4,14,0.0,0.9727891156462585,0.027210884353741496,0.9642857142857143,0.038625700236005575,0.003401360544217687,0.9965986394557823,0.0017006802721088435,19,13,16.5,11.5,14.948987330994104,2.0,67.0,483.7857142857143,372.8478492729749,78,0,1,0,1,0,0,0,1,0,0,0,1,0.0,,,,,,,,,,,,,,,,,,,,,,,,,,,,,,,,,,,,,,,,,,,
5rr9dand0l9k30j3bb7jhskidi_0,human,external_phase2,2,2164,24,24,23,2141,0,0.010628465804066543,0.9893715341959335,2,2164,0,0,0,0.0,1095.0,0.5062413314840499,1.0,0.4999610442637568,0.0,1.0,1.976255707762557,-0.0062415746291849305,0.9875942819566265,2163,1.0,0.49375866851595007,0,6,23,0.0,0.988909426987061,0.011090573012939002,0.9893715341959335,0.012005051309802147,0.0004621072088724584,0.9995378927911276,0.0,22,22,49.23809523809524,27.0,42.169617546178074,1.0,123.0,451.54390018484287,693.7204070488003,73,0,1,0,1,0,0,0,1,0,0,0,1,0.0,,,,,,,,,,,,,,,,,,,,,,,,,,,,,,,,,,,,,,,,,,,
76150kjid2p1e830ilbabbocir_0,human,external_phase2,2,2466,18,18,18,2448,0,0.0072992700729927005,0.9927007299270073,2,2466,0,0,0,0.0,1118.0,0.45354969574036513,0.0,0.49946480084879424,0.0,2.0,2.2057245080500896,0.048178810786991544,1.1012350036603558,2463,0.9991886409736308,0.547261663286004,0,6,18,0.0,0.9927007299270073,0.0072992700729927005,0.9927007299270073,0.008158437700261017,0.0,1.0,0.0,18,17,65.52941176470588,69.0,61.61275426313349,1.0,197.0,433.566098945661,177.2543589191194,73,0,1,0,1,0,0,0,1,0,0,0,1,0.0,,,,,,,,,,,,,,,,,,,,,,,,,,,,,,,,,,,,,,,,,,,
rh5fn2njcglhb2avkv30id017u_0,human,external_phase2,2,1107,14,14,20,1087,0,0.018066847335140017,0.98193315266486,2,1107,0,0,0,0.0,1038.0,0.9385171790235082,1.0,0.2785573273231628,0.0,2.0,1.0664739884393064,-0.5422509864916706,0.29680578421909254,1095,0.9900542495479204,0.07142857142857142,0,4,13,0.0,0.987353206865402,0.012646793134598013,0.98193315266486,0.018686812593110513,0.0009033423667570009,0.999096657633243,0.0,19,12,56.77777777777778,4.0,139.25618101404794,1.0,603.0,464.12104787714543,359.83469528516923,76,0,1,0,1,0,0,0,0,1,0,0,1,0.0,,,,,,,,,,,,,,,,,,,,,,,,,,,,,,,,,,,,,,,,,,,
0uhr32hgcllradm0p6b15371gi_0,human,external_phase2,2,2447,26,26,29,2418,0,0.011851246424192888,0.9881487535758071,2,2447,0,0,0,0.0,1061.0,0.4337694194603434,0.0,0.49641834342570784,0.0,2.0,2.3063147973609803,0.06735083653539631,1.1444290933263725,2445,0.9995911692559281,0.5666394112837285,0,7,19,0.0008173273395995096,0.9893747445852064,0.010625255414793625,0.9881487535758071,0.013070661328797273,0.004086636697997548,0.9959133633020024,0.0008173273395995096,19,17,58.0,35.5,67.74051799165531,4.0,247.0,439.40866366979975,261.13484949053253,76,0,1,0,1,0,0,0,0,1,0,0,1,0.0,,,,,,,,,,,,,,,,,,,,,,,,,,,,,,,,,,,,,,,,,,,
094i85crhkpkhqpi3rl4athrn4_0,advanced_bot,external_phase2,2,316,21,21,25,291,0,0.07911392405063292,0.9208860759493671,2,316,0,0,0,0.0,282.0,0.8952380952380953,1.0,0.3263207942668917,0.0,2.0,1.1205673758865249,-0.465730556143508,0.36450727019174073,313,0.9936507936507937,0.1111111111111111,0,7,13,0.0,0.9335443037974683,0.06645569620253164,0.9208860759493671,0.08743962123832995,0.02531645569620253,0.9746835443037974,0.0031645569620253164,17,12,17.5,16.5,12.129509470708204,2.0,48.0,445.67721518987344,662.7430938668423,123,0,1,0,0,0,1,0,0,1,0,0,1,0.0,,,,,,,,,,,,,,,,,,,,,,,,,,,,,,,,,,,,,,,,,,,
0jfeqj4kpolvb97o2s5ks7l0j4_0,advanced_bot,external_phase2,2,624,19,19,25,599,0,0.04006410256410257,0.9599358974358975,2,624,0,0,0,0.0,588.0,0.9438202247191011,1.0,0.23026855653841793,0.0,1.0,1.0612244897959184,-0.6077493283058432,0.2439750182371333,623,1.0,0.056179775280898875,0,7,12,0.0,0.969551282051282,0.030448717948717948,0.9599358974358975,0.04299303441667394,0.011217948717948718,0.9887820512820513,0.0016025641025641025,18,11,34.470588235294116,30.0,23.111284860199213,2.0,77.0,394.1025641025641,467.54124224345554,123,0,1,0,0,0,1,0,0,1,0,0,1,0.0,,,,,,,,,,,,,,,,,,,,,,,,,,,,,,,,,,,,,,,,,,,
0ucre4qu5jiho5kbjq61hr495f_0,advanced_bot,external_phase2,2,373,21,21,26,347,0,0.06970509383378017,0.9302949061662198,2,373,0,0,0,0.0,338.0,0.9086021505376344,1.0,0.2973560604091362,0.0,2.0,1.1035502958579881,-0.5068551170182113,0.3272676167816529,371,0.9973118279569892,0.09408602150537634,0,7,13,0.0,0.9436997319034852,0.05630026809651475,0.9302949061662198,0.07642595979904543,0.01876675603217158,0.9812332439678284,0.002680965147453083,19,13,18.61111111111111,9.5,18.747263174746596,2.0,50.0,422.83646112600536,483.778722776855,123,0,1,0,0,0,1,0,0,1,0,0,1,0.0,,,,,,,,,,,,,,,,,,,,,,,,,,,,,,,,,,,,,,,,,,,
0vkricl80bt5v7n2s6bbhvlvk3_0,advanced_bot,external_phase2,2,158,15,15,18,140,0,0.11392405063291139,0.8860759493670886,2,158,0,0,0,0.0,137.0,0.8726114649681529,1.0,0.351993678462372,0.0,2.0,1.1532846715328466,-0.4251311447601452,0.4033796169240321,156,0.9936305732484076,0.1337579617834395,0,6,7,0.0,0.9050632911392404,0.0949367088607595,0.8860759493670886,0.12642813677298423,0.04430379746835443,0.9556962025316456,0.006329113924050633,11,7,13.4,12.5,6.726068688320094,3.0,22.0,445.77848101265823,456.27568592052944,123,0,1,0,0,0,1,0,0,1,0,0,1,0.0,,,,,,,,,,,,,,,,,,,,,,,,,,,,,,,,,,,,,,,,,,,
1c1h9oumn2pa0pb04v8f6fn515_0,advanced_bot,external_phase2,2,136,16,16,19,117,0,0.13970588235294118,0.8602941176470589,2,136,0,0,0,0.0,111.0,0.8222222222222222,1.0,0.3823255674241168,0.0,1.0,1.2252252252252251,-0.3651965148906721,0.4649905549752772,135,1.0,0.17777777777777778,0,7,8,0.0,0.8823529411764706,0.11764705882352941,0.8602941176470589,0.15697497666126095,0.058823529411764705,0.9411764705882353,0.007352941176470588,11,7,10.9,11.0,8.21522975941635,2.0,30.0,668.3897058823529,2677.379725350433,123,0,1,0,0,0,1,0,0,1,0,0,1,0.0,,,,,,,,,,,,,,,,,,,,,,,,,,,,,,,,,,,,,,,,,,,
1g4h4vh4d2uv360aoo55b086hd_0,advanced_bot,external_phase2,2,426,25,25,29,397,0,0.06807511737089202,0.931924882629108,2,426,0,0,0,0.0,387.0,0.9105882352941177,1.0,0.30908728232796284,0.0,2.0,1.1007751937984496,-0.49316473461635174,0.33943693795706514,422,0.9929411764705882,0.09647058823529411,0,7,15,0.0,0.9413145539906104,0.05868544600938967,0.931924882629108,0.07570229567507142,0.02112676056338028,0.9788732394366197,0.002347417840375587,20,15,20.210526315789473,19.0,12.176677220984564,2.0,39.0,502.10093896713613,1618.5165168027909,123,0,1,0,0,0,1,0,0,1,0,0,1,0.0,,,,,,,,,,,,,,,,,,,,,,,,,,,,,,,,,,,,,,,,,,,
1gpqg899dn1eafk0j474koislc_0,advanced_bot,external_phase2,2,304,18,18,22,282,0,0.07236842105263158,0.9276315789473685,2,304,0,0,0,0.0,276.0,0.9108910891089109,1.0,0.2849008825730328,0.0,1.0,1.1014492753623188,-0.5234942375933419,0.3127716210856121,303,1.0,0.0891089108910891,0,7,11,0.0,0.9407894736842105,0.05921052631578947,0.9276315789473685,0.07977142806017198,0.023026315789473683,0.9769736842105263,0.003289473684210526,15,10,19.571428571428573,18.0,13.053266070299832,2.0,48.0,412.7631578947368,422.8457669056506,123,0,1,0,0,0,1,0,0,1,0,0,1,0.0,,,,,,,,,,,,,,,,,,,,,,,,,,,,,,,,,,,,,,,,,,,
1jtqu9bvu7bii5p6kcsbgqbqa3_0,advanced_bot,external_phase2,2,482,18,18,23,459,0,0.04771784232365145,0.9522821576763485,2,482,0,0,0,0.0,452.0,0.9397089397089398,1.0,0.2629259607076724,0.0,2.0,1.0663716814159292,-0.5627501569818228,0.27979510420440357,478,0.9937629937629938,0.06652806652806653,0,7,11,0.0,0.9626556016597511,0.03734439834024896,0.9522821576763485,0.052285452280407055,0.014522821576763486,0.9854771784232366,0.002074688796680498,16,10,30.0,24.0,16.864163187066236,5.0,61.0,405.62240663900417,481.99258632667386,123,0,1,0,0,0,1,0,0,1,0,0,1,0.0,,,,,,,,,,,,,,,,,,,,,,,,,,,,,,,,,,,,,,,,,,,
1nbs17btpqhl48dfu2nklqhffq_0,advanced_bot,external_phase2,2,276,14,14,16,260,0,0.057971014492753624,0.9420289855072463,2,276,0,0,0,0.0,255.0,0.9272727272727272,1.0,0.25968830649246727,0.0,1.0,1.0823529411764705,-0.5624316231027361,0.28005601680560194,275,1.0,0.07272727272727272,0,7,6,0.0,0.9492753623188406,0.050724637681159424,0.9420289855072463,0.06496215399391937,0.025362318840579712,0.9746376811594203,0.0036231884057971015,9,6,31.5,32.5,16.132265804901678,8.0,49.0,400.8152173913044,453.0547747225116,123,0,1,0,0,0,1,0,0,1,0,0,1,0.0,,,,,,,,,,,,,,,,,,,,,,,,,,,,,,,,,,,,,,,,,,,
1sijirkrahu3j2dp0qmb78691l_0,advanced_bot,external_phase2,2,476,21,21,27,449,0,0.05672268907563025,0.9432773109243697,2,476,0,0,0,0.0,438.0,0.9221052631578948,1.0,0.27574929397950215,0.0,2.0,1.08675799086758,-0.5395946989783452,0.2990431841101907,474,0.9978947368421053,0.08,0,7,13,0.0,0.9558823529411765,0.04411764705882353,0.9432773109243697,0.06131935666016764,0.014705882352941176,0.9852941176470589,0.0021008403361344537,20,13,22.94736842105263,19.0,11.758417742691163,2.0,47.0,400.70588235294116,409.78164103183354,123,0,1,0,0,0,1,0,0,1,0,0,1,0.0,,,,,,,,,,,,,,,,,,,,,,,,,,,,,,,,,,,,,,,,,,,
2cod58pj6b57pun9fl0vhiqoia_0,advanced_bot,external_phase2,2,294,18,18,22,272,0,0.07482993197278912,0.9251700680272109,2,294,0,0,0,0.0,265.0,0.9044368600682594,1.0,0.30537970591491514,0.0,2.0,1.109433962264151,-0.49516362314522616,0.33764624087950995,292,0.9965870307167235,0.09897610921501707,0,6,11,0.0,0.9387755102040817,0.061224489795918366,0.9251700680272109,0.08302923814396335,0.023809523809523808,0.9761904761904762,0.003401360544217687,15,10,18.714285714285715,11.0,18.556587476567728,2.0,52.0,416.67687074829934,442.62915906911854,123,0,1,0,0,0,1,0,0,1,0,0,1,0.0,,,,,,,,,,,,,,,,,,,,,,,,,,,,,,,,,,,,,,,,,,,
2h80p3ff9jpfboaddjevmi55rs_0,advanced_bot,external_phase2,2,287,21,21,25,262,0,0.08710801393728224,0.9128919860627178,2,287,0,0,0,0.0,251.0,0.8776223776223776,1.0,0.3277214364652127,0.0,1.0,1.1434262948207172,-0.4562191589902701,0.3734196447372543,286,1.0,0.12237762237762238,0,7,13,0.0,0.926829268292683,0.07317073170731707,0.9128919860627178,0.09721923096386573,0.024390243902439025,0.975609756097561,0.003484320557491289,18,13,14.647058823529411,13.0,12.338086306328957,2.0,39.0,441.4773519163763,492.69446753260644,123,0,1,0,0,0,1,0,0,1,0,0,1,0.0,,,,,,,,,,,,,,,,,,,,,,,,,,,,,,,,,,,,,,,,,,,
2j54lp7l4tosj8qtp2jaq0654a_0,advanced_bot,external_phase2,2,436,21,21,25,411,0,0.05733944954128441,0.9426605504587156,2,436,0,0,0,0.0,402.0,0.9241379310344827,1.0,0.26477729407520645,0.0,1.0,1.0845771144278606,-0.5545901196600823,0.2865127435888428,435,1.0,0.07586206896551724,0,7,13,0.0,0.9518348623853211,0.0481651376146789,0.9426605504587156,0.06335917614594884,0.01834862385321101,0.981651376146789,0.0022935779816513763,17,12,24.9375,21.0,17.166350624113445,3.0,50.0,477.16743119266056,1553.2816036750771,123,0,1,0,0,0,1,0,0,1,0,0,1,0.0,,,,,,,,,,,,,,,,,,,,,,,,,,,,,,,,,,,,,,,,,,,
2k97re4f45gl0ktl40bav6lfqf_0,advanced_bot,external_phase2,2,100,15,15,16,84,0,0.16,0.84,2,100,0,0,0,0.0,79.0,0.797979797979798,1.0,0.4015072103909452,0.0,1.0,1.2658227848101267,-0.33053512445072614,0.5031546054266275,99,1.0,0.20202020202020202,0,7,8,0.0,0.85,0.15,0.84,0.1857820999407301,0.07,0.9299999999999999,0.01,9,7,9.5,11.0,6.5383484153110105,2.0,21.0,462.63,408.35158025897243,123,0,1,0,0,0,1,0,0,1,0,0,1,0.0,,,,,,,,,,,,,,,,,,,,,,,,,,,,,,,,,,,,,,,,,,,
2l614ncb4kp7p6q9b0a5ln3ao6_0,advanced_bot,external_phase2,2,312,21,21,24,288,0,0.07692307692307693,0.9230769230769231,2,312,0,0,0,0.0,281.0,0.9035369774919614,1.0,0.2952251815083738,0.0,1.0,1.1103202846975089,-0.5074499486127151,0.32674388416051336,311,1.0,0.09646302250803858,0,6,14,0.0,0.9326923076923077,0.0673076923076923,0.9230769230769231,0.08591999349044588,0.022435897435897436,0.9775641025641025,0.003205128205128205,17,13,17.375,10.5,14.456291882775473,2.0,47.0,418.33012820512823,436.81752261859896,123,0,1,0,0,0,1,0,0,1,0,0,1,0.0,,,,,,,,,,,,,,,,,,,,,,,,,,,,,,,,,,,,,,,,,,,
36m3d3mt4dfs9shoptldptokbe_0,advanced_bot,external_phase2,2,195,17,17,17,178,0,0.08717948717948718,0.9128205128205128,2,195,0,0,0,0.0,173.0,0.8917525773195877,1.0,0.3268626569585091,0.0,2.0,1.1271676300578035,-0.4635506798794596,0.3665396268783281,193,0.9948453608247423,0.1134020618556701,0,6,9,0.0,0.9128205128205128,0.08717948717948718,0.9128205128205128,0.10162186305118635,0.035897435897435895,0.9641025641025641,0.005128205128205128,10,9,18.88888888888889,16.0,10.343483664655137,3.0,32.0,408.96923076923076,369.66758328284277,123,0,1,0,0,0,1,0,0,1,0,0,1,0.0,,,,,,,,,,,,,,,,,,,,,,,,,,,,,,,,,,,,,,,,,,,
3d46kbg48go8hu4srfkogn5p27_0,advanced_bot,external_phase2,2,384,21,21,27,357,0,0.0703125,0.9296875,2,384,0,0,0,0.0,349.0,0.9112271540469974,1.0,0.3022186162435599,0.0,2.0,1.1002865329512894,-0.5018836051137346,0.33166111753949407,381,0.9947780678851175,0.09399477806788512,0,7,13,0.0,0.9453125,0.0546875,0.9296875,0.07624282417676485,0.018229166666666668,0.9817708333333334,0.0026041666666666665,20,13,18.210526315789473,17.0,10.620630110003738,2.0,37.0,409.6666666666667,395.6257547824992,123,0,1,0,0,0,1,0,0,1,0,0,1,0.0,,,,,,,,,,,,,,,,,,,,,,,,,,,,,,,,,,,,,,,,,,,
3io4o9tlg7fa20l20kbidpqh7f_0,advanced_bot,external_phase2,2,255,17,17,19,236,0,0.07450980392156863,0.9254901960784314,2,255,0,0,0,0.0,230.0,0.905511811023622,1.0,0.305670062106798,0.0,2.0,1.108695652173913,-0.49525324166755674,0.3375660685875074,253,0.9960629921259843,0.0984251968503937,0,7,10,0.0,0.9333333333333333,0.06666666666666667,0.9254901960784314,0.08412873234717762,0.027450980392156862,0.9725490196078431,0.00392156862745098,12,9,20.727272727272727,13.0,18.65032736291247,2.0,50.0,423.42745098039217,498.8911956817805,123,0,1,0,0,0,1,0,0,1,0,0,1,0.0,,,,,,,,,,,,,,,,,,,,,,,,,,,,,,,,,,,,,,,,,,,
3n5tfsl313lu7d2r708qdqtqe0_0,advanced_bot,external_phase2,2,234,18,18,19,215,0,0.0811965811965812,0.9188034188034188,2,234,0,0,0,0.0,210.0,0.9012875536480687,1.0,0.3123331398911631,0.0,2.0,1.1142857142857143,-0.48528705623777907,0.3465410552125762,232,0.9957081545064378,0.10300429184549356,0,6,10,0.0,0.9230769230769231,0.07692307692307693,0.9188034188034188,0.09328724257358821,0.029914529914529916,0.9700854700854701,0.004273504273504274,12,10,18.818181818181817,16.0,15.821838657766572,2.0,51.0,426.1923076923077,479.29072572905915,123,0,1,0,0,0,1,0,0,1,0,0,1,0.0,,,,,,,,,,,,,,,,,,,,,,,,,,,,,,,,,,,,,,,,,,,
3nc17617gvarormtprojm161k4_0,advanced_bot,external_phase2,2,198,16,16,21,177,0,0.10606060606060606,0.8939393939393939,2,198,0,0,0,0.0,171.0,0.868020304568528,1.0,0.338468691942531,0.0,1.0,1.1578947368421053,-0.43891955430788127,0.3899317679104012,197,1.0,0.1319796954314721,0,6,8,0.0,0.9191919191919192,0.08080808080808081,0.8939393939393939,0.11606989916276585,0.03535353535353535,0.9646464646464646,0.005050505050505051,14,8,12.923076923076923,5.0,13.533215766922615,2.0,45.0,459.62626262626264,536.0832719473623,123,0,1,0,0,0,1,0,0,1,0,0,1,0.0,,,,,,,,,,,,,,,,,,,,,,,,,,,,,,,,,,,,,,,,,,,
3p6scp5rnqun6k08tnudv5gacg_0,advanced_bot,external_phase2,2,261,18,18,19,242,0,0.07279693486590039,0.9272030651340997,2,261,0,0,0,0.0,236.0,0.9076923076923077,1.0,0.2894598111111812,0.0,1.0,1.1059322033898304,-0.5164193312367255,0.3188964020716403,260,1.0,0.09230769230769231,0,6,9,0.0,0.9310344827586207,0.06896551724137931,0.9272030651340997,0.08348205128204172,0.03065134099616858,0.9693486590038314,0.0038314176245210726,11,9,23.3,21.0,14.484819639885062,2.0,47.0,531.1915708812261,1968.7611547298957,123,0,1,0,0,0,1,0,0,1,0,0,1,0.0,,,,,,,,,,,,,,,,,,,,,,,,,,,,,,,,,,,,,,,,,,,
453lvg24j5relktbluq4s08um3_0,advanced_bot,external_phase2,2,351,19,19,23,328,0,0.06552706552706553,0.9344729344729344,2,351,0,0,0,0.0,318.0,0.9085714285714286,1.0,0.2979658931310558,0.0,2.0,1.1037735849056605,-0.5060809346359696,0.3279498823769482,349,0.9971428571428571,0.09428571428571429,0,7,10,0.0,0.9458689458689459,0.05413105413105413,0.9344729344729344,0.07203533900425801,0.022792022792022793,0.9772079772079773,0.002849002849002849,15,10,22.5,20.5,14.685999163440377,2.0,46.0,434.13960113960115,648.846427950581,123,0,1,0,0,0,1,0,0,1,0,0,1,0.0,,,,,,,,,,,,,,,,,,,,,,,,,,,,,,,,,,,,,,,,,,,
4bnqt73v1q2ofhu8uj797irb7a_0,advanced_bot,external_phase2,2,228,15,15,17,211,0,0.07456140350877193,0.9254385964912281,2,228,0,0,0,0.0,207.0,0.9118942731277533,1.0,0.2834485980994786,0.0,1.0,1.1014492753623188,-0.5257451147745279,0.31083493608010454,227,1.0,0.0881057268722467,0,7,7,0.0,0.9342105263157895,0.06578947368421052,0.9254385964912281,0.08398689587591036,0.03070175438596491,0.9692982456140351,0.0043859649122807015,10,7,22.666666666666668,24.0,10.954451150103322,2.0,40.0,414.67543859649123,425.25890969376576,123,0,1,0,0,0,1,0,0,1,0,0,1,0.0,,,,,,,,,,,,,,,,,,,,,,,,,,,,,,,,,,,,,,,,,,,
5c21arc60f2e89ghcan6ek4rv3_0,advanced_bot,external_phase2,2,262,17,17,22,240,0,0.08396946564885496,0.916030534351145,2,262,0,0,0,0.0,234.0,0.896551724137931,1.0,0.3045434781492361,0.0,1.0,1.1196581196581197,-0.4928903594497525,0.3396831102433787,261,1.0,0.10344827586206896,0,7,9,0.0,0.9351145038167938,0.0648854961832061,0.916030534351145,0.09162028531336447,0.026717557251908396,0.9732824427480916,0.003816793893129771,15,9,16.5,16.5,14.291605927956452,2.0,47.0,434.08396946564886,500.7221432140325,123,0,1,0,0,0,1,0,0,1,0,0,1,0.0,,,,,,,,,,,,,,,,,,,,,,,,,,,,,,,,,,,,,,,,,,,
5ke7d1qpke4gbknkauee4runq1_0,advanced_bot,external_phase2,2,138,18,18,18,120,0,0.13043478260869565,0.8695652173913043,2,138,0,0,0,0.0,116.0,0.8467153284671532,1.0,0.36026168406578296,0.0,1.0,1.1896551724137931,-0.4030347217471102,0.42548147169838163,137,1.0,0.15328467153284672,0,7,11,0.0,0.8695652173913043,0.13043478260869565,0.8695652173913043,0.1530612840262832,0.050724637681159424,0.9492753623188406,0.007246376811594203,11,10,11.3,9.0,9.209234495874236,2.0,32.0,448.65942028985506,416.92493149032794,123,0,1,0,0,0,1,0,0,1,0,0,1,0.0,,,,,,,,,,,,,,,,,,,,,,,,,,,,,,,,,,,,,,,,,,,
5t832mbt4eh6u8rj4k6sml78rk_0,advanced_bot,external_phase2,2,223,21,21,22,201,0,0.09865470852017937,0.9013452914798207,2,223,0,0,0,0.0,194.0,0.8738738738738738,1.0,0.3452931152565189,0.0,2.0,1.1494845360824741,-0.4335589491267156,0.39512923498426394,221,0.9954954954954955,0.13063063063063063,0,7,12,0.0,0.905829596412556,0.09417040358744394,0.9013452914798207,0.11366935544007885,0.03587443946188341,0.9641255605381166,0.004484304932735426,14,12,14.76923076923077,12.0,13.38859357325565,2.0,46.0,476.54260089686096,766.0691270231351,123,0,1,0,0,0,1,0,0,1,0,0,1,0.0,,,,,,,,,,,,,,,,,,,,,,,,,,,,,,,,,,,,,,,,,,,
6epdcnda98fpecfs85jtpdm8bs_0,advanced_bot,external_phase2,2,256,17,17,21,235,0,0.08203125,0.91796875,2,256,0,0,0,0.0,229.0,0.8980392156862745,1.0,0.3152902155645769,0.0,2.0,1.1179039301310043,-0.4802891820739296,0.3510873579430878,254,0.996078431372549,0.10588235294117647,0,7,9,0.0,0.93359375,0.06640625,0.91796875,0.09034107302598879,0.02734375,0.97265625,0.00390625,14,9,17.46153846153846,17.0,12.725597369175517,2.0,49.0,419.0625,418.4953656777456,123,0,1,0,0,0,1,0,0,1,0,0,1,0.0,,,,,,,,,,,,,,,,,,,,,,,,,,,,,,,,,,,,,,,,,,,
6erlvu5i411jk2mgv75rv363e7_0,advanced_bot,external_phase2,2,269,18,18,19,250,0,0.07063197026022305,0.929368029739777,2,269,0,0,0,0.0,244.0,0.9104477611940298,1.0,0.29832083718368185,0.0,2.0,1.1024590163934427,-0.5064053821648606,0.3276638703492899,267,0.996268656716418,0.09328358208955224,0,6,11,0.0,0.9330855018587361,0.06691449814126393,0.929368029739777,0.08095772472949088,0.026022304832713755,0.9739776951672863,0.0037174721189591076,12,10,21.90909090909091,15.0,18.10803209756049,2.0,51.0,414.9405204460966,458.28581140814197,123,0,1,0,0,0,1,0,0,1,0,0,1,0.0,,,,,,,,,,,,,,,,,,,,,,,,,,,,,,,,,,,,,,,,,,,
6rb2dgd25a6v043offbhmlehl8_0,advanced_bot,external_phase2,2,344,20,20,24,320,0,0.06976744186046512,0.9302325581395349,2,344,0,0,0,0.0,312.0,0.9096209912536443,1.0,0.2967179592044764,0.0,2.0,1.1025641025641026,-0.5080686749080024,0.3261995513049212,342,0.9970845481049563,0.09329446064139942,0,7,13,0.0,0.9418604651162791,0.05813953488372093,0.9302325581395349,0.07714599438010541,0.020348837209302327,0.9796511627906976,0.0029069767441860465,17,12,19.3125,13.5,15.340790193141942,2.0,48.0,410.75,432.49505475059584,123,0,1,0,0,0,1,0,0,1,0,0,1,0.0,,,,,,,,,,,,,,,,,,,,,,,,,,,,,,,,,,,,,,,,,,,
6t1t0stce6afdl4ob3hl152fnj_0,advanced_bot,external_phase2,2,306,20,20,23,283,0,0.07516339869281045,0.9248366013071896,2,306,0,0,0,0.0,273.0,0.8950819672131147,1.0,0.32714674579059466,0.0,2.0,1.120879120879121,-0.4646718043685793,0.3654936170920563,303,0.9934426229508196,0.11147540983606558,0,7,12,0.0,0.934640522875817,0.06535947712418301,0.9248366013071896,0.08432437283765136,0.026143790849673203,0.9738562091503268,0.0032679738562091504,15,11,19.285714285714285,13.5,19.546386481644014,2.0,77.0,435.6503267973856,652.4653086837959,123,0,1,0,0,0,1,0,0,1,0,0,1,0.0,,,,,,,,,,,,,,,,,,,,,,,,,,,,,,,,,,,,,,,,,,,
777aid4b8r0bh5do5ujttgh7me_0,advanced_bot,external_phase2,2,334,13,13,16,318,0,0.04790419161676647,0.9520958083832335,2,334,0,0,0,0.0,314.0,0.9429429429429429,1.0,0.2445558326907187,0.0,2.0,1.0636942675159236,-0.5881160676393604,0.2593537970892017,332,0.996996996996997,0.06006006006006006,0,7,6,0.0,0.9610778443113772,0.038922155688622756,0.9520958083832335,0.05237579238107061,0.020958083832335328,0.9790419161676647,0.0029940119760479044,9,5,39.0,45.5,13.583077707206124,7.0,50.0,403.3502994011976,500.842481885859,123,0,1,0,0,0,1,0,0,1,0,0,1,0.0,,,,,,,,,,,,,,,,,,,,,,,,,,,,,,,,,,,,,,,,,,,
7rgj8vp869l5hv128476ipugq0_0,advanced_bot,external_phase2,2,169,17,17,17,152,0,0.10059171597633136,0.8994082840236687,2,169,0,0,0,0.0,147.0,0.875,1.0,0.39622474382482425,0.0,2.0,1.1496598639455782,-0.37662518645967397,0.45282827865694203,164,0.9761904761904762,0.1488095238095238,0,7,8,0.0,0.8994082840236687,0.10059171597633136,0.8994082840236687,0.11758049521726417,0.047337278106508875,0.9526627218934911,0.005917159763313609,9,8,18.125,9.5,23.66134770041639,2.0,78.0,481.0591715976331,827.8467306914206,123,0,1,0,0,0,1,0,0,1,0,0,1,0.0,,,,,,,,,,,,,,,,,,,,,,,,,,,,,,,,,,,,,,,,,,,
7t04jne512skpddsh6v4p3k3th_0,advanced_bot,external_phase2,2,456,25,25,27,429,0,0.05921052631578947,0.9407894736842105,2,456,0,0,0,0.0,419.0,0.9208791208791208,1.0,0.27795030131953946,0.0,2.0,1.0883054892601431,-0.5362971642624903,0.30183147279329464,454,0.9978021978021978,0.08131868131868132,0,7,17,0.0,0.9451754385964912,0.05482456140350877,0.9407894736842105,0.06691230616416909,0.015350877192982455,0.9846491228070176,0.0021929824561403508,20,17,21.94736842105263,19.0,17.9193329416804,2.0,61.0,411.10087719298247,455.1706527854419,123,0,1,0,0,0,1,0,0,1,0,0,1,0.0,,,,,,,,,,,,,,,,,,,,,,,,,,,,,,,,,,,,,,,,,,,
8hj8u6nem85dat2rjgu8v7urhl_0,advanced_bot,external_phase2,2,334,18,18,20,314,0,0.059880239520958084,0.9401197604790419,2,334,0,0,0,0.0,307.0,0.9219219219219219,1.0,0.2682944125428474,0.0,1.0,1.0879478827361564,-0.5491669795247814,0.2910164149080397,333,1.0,0.07807807807807808,0,7,11,0.0,0.9461077844311377,0.05389221556886228,0.9401197604790419,0.06772702484449353,0.020958083832335328,0.9790419161676647,0.0029940119760479044,13,10,25.333333333333332,30.5,16.048537489614297,3.0,49.0,408.3502994011976,458.117725420248,123,0,1,0,0,0,1,0,0,1,0,0,1,0.0,,,,,,,,,,,,,,,,,,,,,,,,,,,,,,,,,,,,,,,,,,,
8kvar6qgj9j0r4qj5fcpkr3os4_0,advanced_bot,external_phase2,2,337,17,17,20,317,0,0.05934718100890208,0.9406528189910979,2,337,0,0,0,0.0,312.0,0.9285714285714286,1.0,0.2688473759675289,0.0,2.0,1.080128205128205,-0.5509551462722463,0.2895279433496465,335,0.9970238095238095,0.0744047619047619,0,7,10,0.0,0.9495548961424333,0.050445103857566766,0.9406528189910979,0.06640819634545365,0.020771513353115726,0.9792284866468842,0.002967359050445104,13,9,25.833333333333332,19.5,19.264965322805253,3.0,62.0,411.23442136498517,484.21383093360225,123,0,1,0,0,0,1,0,0,1,0,0,1,0.0,,,,,,,,,,,,,,,,,,,,,,,,,,,,,,,,,,,,,,,,,,,
8u4qvgq4v27s61p19tufp3e89i_0,advanced_bot,external_phase2,2,138,15,15,17,121,0,0.12318840579710146,0.8768115942028986,2,138,0,0,0,0.0,117.0,0.8540145985401459,1.0,0.35309158021745474,0.0,1.0,1.1794871794871795,-0.414978422890901,0.41344911529736156,137,1.0,0.145985401459854,0,7,7,0.0,0.8913043478260869,0.10869565217391304,0.8768115942028986,0.13969657099851607,0.050724637681159424,0.9492753623188406,0.007246376811594203,10,7,12.777777777777779,4.0,15.774647576818936,2.0,49.0,468.8188405797101,551.6053545618139,123,0,1,0,0,0,1,0,0,1,0,0,1,0.0,,,,,,,,,,,,,,,,,,,,,,,,,,,,,,,,,,,,,,,,,,,
9dsc15b0dug768h29lutm2sklo_0,advanced_bot,external_phase2,2,361,22,22,27,334,0,0.07479224376731301,0.925207756232687,2,361,0,0,0,0.0,324.0,0.9,1.0,0.3,0.0,1.0,1.1141975308641976,-0.5000000000000001,0.3333333333333333,360,1.0,0.1,0,7,15,0.0,0.9390581717451524,0.060941828254847646,0.925207756232687,0.0816699066668132,0.019390581717451522,0.9806094182825484,0.002770083102493075,20,14,16.94736842105263,16.0,13.31194036317347,2.0,47.0,425.994459833795,456.7561281845341,123,0,1,0,0,0,1,0,0,1,0,0,1,0.0,,,,,,,,,,,,,,,,,,,,,,,,,,,,,,,,,,,,,,,,,,,
9ppkomphkbu1dv8o483g64jqsv_0,advanced_bot,external_phase2,2,164,14,14,17,147,0,0.10365853658536585,0.8963414634146342,2,164,0,0,0,0.0,142.0,0.8711656441717791,1.0,0.3528540820748075,0.0,2.0,1.1549295774647887,-0.42345033415952843,0.40503672801544804,162,0.9938650306748467,0.13496932515337423,0,7,7,0.0,0.9146341463414634,0.08536585365853659,0.8963414634146342,0.11460490509020305,0.042682926829268296,0.9573170731707317,0.006097560975609756,10,6,15.555555555555555,23.0,10.812658333958101,2.0,30.0,440.7439024390244,477.78019007049187,123,0,1,0,0,0,1,0,0,1,0,0,1,0.0,,,,,,,,,,,,,,,,,,,,,,,,,,,,,,,,,,,,,,,,,,,
a1cgh1mg2ljn1lrb41ud03f67i_0,advanced_bot,external_phase2,2,234,18,18,21,213,0,0.08974358974358974,0.9102564102564102,2,234,0,0,0,0.0,206.0,0.8841201716738197,1.0,0.3200807612357782,0.0,1.0,1.1359223300970873,-0.468393102034231,0.3620330940191084,233,1.0,0.11587982832618025,0,7,11,0.0,0.9230769230769231,0.07692307692307693,0.9102564102564102,0.10067915342915755,0.029914529914529916,0.9700854700854701,0.004273504273504274,14,10,15.615384615384615,9.0,13.986468524082408,2.0,49.0,423.96581196581195,426.8598307061634,123,0,1,0,0,0,1,0,0,1,0,0,1,0.0,,,,,,,,,,,,,,,,,,,,,,,,,,,,,,,,,,,,,,,,,,,
ahpte8dp0s8io8sd28orasfpkj_0,advanced_bot,external_phase2,2,211,16,16,18,193,0,0.08530805687203792,0.9146919431279621,2,211,0,0,0,0.0,189.0,0.9,1.0,0.3,0.0,1.0,1.1164021164021165,-0.5000000000000001,0.3333333333333333,210,1.0,0.1,0,6,9,0.0,0.9241706161137441,0.07582938388625593,0.9146919431279621,0.09640158805590054,0.03317535545023697,0.966824644549763,0.004739336492890996,11,8,18.6,17.0,12.15072014326723,2.0,47.0,421.45023696682466,443.46091599658644,123,0,1,0,0,0,1,0,0,1,0,0,1,0.0,,,,,,,,,,,,,,,,,,,,,,,,,,,,,,,,,,,,,,,,,,,
akniekteebr1v6m9uetbh65sha_0,advanced_bot,external_phase2,2,468,20,20,25,443,0,0.053418803418803416,0.9465811965811965,2,468,0,0,0,0.0,434.0,0.9293361884368309,1.0,0.2644864694928396,0.0,2.0,1.0783410138248848,-0.5569082765584086,0.2845971918275486,466,0.9978586723768736,0.0728051391862955,0,7,13,0.0,0.9572649572649573,0.042735042735042736,0.9465811965811965,0.05849823763555769,0.014957264957264958,0.9850427350427351,0.002136752136752137,18,12,25.41176470588235,29.0,16.453352326142113,2.0,62.0,403.72008547008545,447.978752002979,123,0,1,0,0,0,1,0,0,1,0,0,1,0.0,,,,,,,,,,,,,,,,,,,,,,,,,,,,,,,,,,,,,,,,,,,
alj7kd9jmvubmb2khqu59nl9ho_0,advanced_bot,external_phase2,2,390,21,21,27,363,0,0.06923076923076923,0.9307692307692308,2,390,0,0,0,0.0,354.0,0.910025706940874,1.0,0.2949920470494818,0.0,2.0,1.1016949152542372,-0.5103938575632925,0.3241579274074814,388,0.9974293059125964,0.09254498714652956,0,7,14,0.0,0.9461538461538461,0.05384615384615385,0.9307692307692308,0.07580309984156271,0.017948717948717947,0.982051282051282,0.002564102564102564,20,13,18.526315789473685,13.0,16.102854997116868,2.0,50.0,419.1717948717949,464.52680497233314,123,0,1,0,0,0,1,0,0,1,0,0,1,0.0,,,,,,,,,,,,,,,,,,,,,,,,,,,,,,,,,,,,,,,,,,,
ap7lk8nq9ssv9uftnfbf676nop_0,advanced_bot,external_phase2,2,262,17,17,24,238,0,0.0916030534351145,0.9083969465648855,2,262,0,0,0,0.0,229.0,0.8773946360153256,1.0,0.33946446641129024,0.0,2.0,1.1441048034934498,-0.44206446624043383,0.38690054905391597,260,0.9961685823754789,0.12643678160919541,0,7,10,0.0,0.9351145038167938,0.0648854961832061,0.9083969465648855,0.09777385974190302,0.026717557251908396,0.9732824427480916,0.003816793893129771,17,9,14.1875,15.5,5.703274826799073,2.0,21.0,421.59541984732823,375.7875552710327,123,0,1,0,0,0,1,0,0,1,0,0,1,0.0,,,,,,,,,,,,,,,,,,,,,,,,,,,,,,,,,,,,,,,,,,,
auss0hbmmf507a7eqq1i2ls24f_0,advanced_bot,external_phase2,2,368,18,18,25,343,0,0.06793478260869565,0.9320652173913043,2,368,0,0,0,0.0,336.0,0.9155313351498637,1.0,0.28772087305099286,0.0,2.0,1.0952380952380953,-0.5217613213755031,0.3142665488384357,366,0.997275204359673,0.08719346049046321,0,7,10,0.0,0.9510869565217391,0.04891304347826087,0.9320652173913043,0.0730544300479465,0.021739130434782608,0.9782608695652174,0.002717391304347826,17,9,20.8125,21.0,14.488006893634473,2.0,47.0,436.89402173913044,648.768471436057,123,0,1,0,0,0,1,0,0,1,0,0,1,0.0,,,,,,,,,,,,,,,,,,,,,,,,,,,,,,,,,,,,,,,,,,,
av66aadi59rs6j2njfq9ka2ab9_0,advanced_bot,external_phase2,2,223,16,16,18,205,0,0.08071748878923767,0.9192825112107623,2,223,0,0,0,0.0,201.0,0.9054054054054054,1.0,0.3076612849825078,0.0,2.0,1.109452736318408,-0.49275454116356265,0.33980500132396385,221,0.9954954954954955,0.0990990990990991,0,7,8,0.0,0.9282511210762332,0.07174887892376682,0.9192825112107623,0.09157691148744891,0.03139013452914798,0.968609865470852,0.004484304932735426,11,8,19.8,19.5,14.379151574414951,2.0,51.0,430.0224215246637,489.0985158857772,123,0,1,0,0,0,1,0,0,1,0,0,1,0.0,,,,,,,,,,,,,,,,,,,,,,,,,,,,,,,,,,,,,,,,,,,
b6hfnt250mbc1h2qub8slvg0j4_0,advanced_bot,external_phase2,2,319,16,16,20,299,0,0.06269592476489028,0.9373040752351097,2,319,0,0,0,0.0,293.0,0.9213836477987422,1.0,0.2691390372425108,0.0,1.0,1.0887372013651877,-0.5478640757976236,0.29210311891849294,318,1.0,0.07861635220125786,0,7,8,0.0,0.9498432601880877,0.050156739811912224,0.9373040752351097,0.06869982306685642,0.0219435736677116,0.9780564263322884,0.003134796238244514,13,8,24.166666666666668,25.0,18.188060797005146,2.0,51.0,417.01880877742946,489.7569222649313,123,0,1,0,0,0,1,0,0,1,0,0,1,0.0,,,,,,,,,,,,,,,,,,,,,,,,,,,,,,,,,,,,,,,,,,,
b9k26s8r31dauqokj6svvbedc6_0,advanced_bot,external_phase2,2,397,17,17,24,373,0,0.060453400503778336,0.9395465994962217,2,397,0,0,0,0.0,366.0,0.9242424242424242,1.0,0.27398698969735036,0.0,2.0,1.0846994535519126,-0.5426802471882543,0.29644493967254304,395,0.9974747474747475,0.07828282828282829,0,7,9,0.0,0.9571788413098237,0.042821158690176324,0.9395465994962217,0.06477209335029391,0.017632241813602016,0.982367758186398,0.0025188916876574307,17,9,22.75,18.0,14.562365879210699,2.0,51.0,405.1360201511335,425.49253917546486,123,0,1,0,0,0,1,0,0,1,0,0,1,0.0,,,,,,,,,,,,,,,,,,,,,,,,,,,,,,,,,,,,,,,,,,,
bbvicd8c0b0onlrtpspn8slmo3_0,advanced_bot,external_phase2,2,285,19,19,24,261,0,0.08421052631578947,0.9157894736842105,2,285,0,0,0,0.0,254.0,0.8943661971830986,1.0,0.3400030339316426,0.0,2.0,1.1220472440944882,-0.44910643369716746,0.3801608725849862,281,0.9894366197183099,0.11619718309859155,0,6,10,0.0,0.9333333333333333,0.06666666666666667,0.9157894736842105,0.09211422701604026,0.028070175438596492,0.9719298245614035,0.0035087719298245615,16,10,16.666666666666668,16.0,9.890511727015049,1.0,31.0,534.0947368421052,1884.8542001802716,123,0,1,0,0,0,1,0,0,1,0,0,1,0.0,,,,,,,,,,,,,,,,,,,,,,,,,,,,,,,,,,,,,,,,,,,
bdc60f7qbpi1sk4b33k13c7adi_0,advanced_bot,external_phase2,2,175,14,14,16,159,0,0.09142857142857143,0.9085714285714286,2,175,0,0,0,0.0,155.0,0.8908045977011494,1.0,0.31188421956816403,0.0,1.0,1.1290322580645162,-0.48135508522263915,0.3501151884184551,174,1.0,0.10919540229885058,0,7,7,0.0,0.92,0.08,0.9085714285714286,0.10311548411219425,0.04,0.96,0.005714285714285714,9,6,19.0,13.5,16.046806535881213,2.0,46.0,432.54857142857145,501.6604733262918,123,0,1,0,0,0,1,0,0,1,0,0,1,0.0,,,,,,,,,,,,,,,,,,,,,,,,,,,,,,,,,,,,,,,,,,,
bdsf9dba41deu2j4744onppg6k_0,advanced_bot,external_phase2,2,363,18,18,25,338,0,0.06887052341597796,0.931129476584022,2,363,0,0,0,0.0,330.0,0.9116022099447514,1.0,0.3117021116450062,0.0,2.0,1.1,-0.4903931815757332,0.3419277709560371,359,0.9917127071823204,0.09668508287292818,0,7,10,0.0,0.9504132231404958,0.049586776859504134,0.931129476584022,0.07447036079743838,0.01928374655647383,0.9807162534435262,0.0027548209366391185,18,10,19.235294117647058,15.0,14.622824269592286,2.0,49.0,428.28374655647383,498.8941925455338,123,0,1,0,0,0,1,0,0,1,0,0,1,0.0,,,,,,,,,,,,,,,,,,,,,,,,,,,,,,,,,,,,,,,,,,,
c4icboll633l807dsum9a4jf6f_0,advanced_bot,external_phase2,2,377,19,19,24,353,0,0.0636604774535809,0.9363395225464191,2,377,0,0,0,0.0,343.0,0.9122340425531915,1.0,0.28295422626328365,0.0,1.0,1.099125364431487,-0.5265110382258409,0.3101772276238911,376,1.0,0.08776595744680851,0,7,12,0.0,0.9496021220159151,0.050397877984084884,0.9363395225464191,0.07032350055893573,0.01856763925729443,0.9814323607427056,0.002652519893899204,17,11,21.3125,18.5,11.256768797039406,4.0,47.0,404.7771883289125,401.58934672791946,123,0,1,0,0,0,1,0,0,1,0,0,1,0.0,,,,,,,,,,,,,,,,,,,,,,,,,,,,,,,,,,,,,,,,,,,
caouro53ha6k4ktgr087r3mm3e_0,advanced_bot,external_phase2,2,479,20,20,27,452,0,0.05636743215031315,0.9436325678496869,2,479,0,0,0,0.0,442.0,0.9246861924686193,1.0,0.2638970214430373,0.0,1.0,1.083710407239819,-0.5559469150257546,0.28539089649269644,478,1.0,0.07531380753138076,0,6,13,0.0,0.9582463465553236,0.04175365344467641,0.9436325678496869,0.06066382199147173,0.014613778705636743,0.9853862212943633,0.0020876826722338203,20,12,23.105263157894736,17.0,14.728757180721077,2.0,51.0,400.1356993736952,412.52036624497805,123,0,1,0,0,0,1,0,0,1,0,0,1,0.0,,,,,,,,,,,,,,,,,,,,,,,,,,,,,,,,,,,,,,,,,,,
capa6qv5o85v96iqab45773l3v_0,advanced_bot,external_phase2,2,147,18,18,20,127,0,0.1360544217687075,0.8639455782312925,2,147,0,0,0,0.0,121.0,0.8287671232876712,1.0,0.37671232876712335,0.0,1.0,1.2148760330578512,-0.37499999999999994,0.45454545454545464,146,1.0,0.17123287671232876,0,7,10,0.0,0.8775510204081632,0.12244897959183673,0.8639455782312925,0.1549900388433846,0.047619047619047616,0.9523809523809523,0.006802721088435374,13,10,9.916666666666666,9.5,7.20484019407941,2.0,24.0,461.5374149659864,445.3544376457167,123,0,1,0,0,0,1,0,0,1,0,0,1,0.0,,,,,,,,,,,,,,,,,,,,,,,,,,,,,,,,,,,,,,,,,,,
cp0fsmlkqai46gpcgkf8uhel89_0,advanced_bot,external_phase2,2,246,21,21,22,224,0,0.08943089430894309,0.9105691056910569,2,246,0,0,0,0.0,214.0,0.8734693877551021,1.0,0.3445052709552521,0.0,2.0,1.1495327102803738,-0.43429813011047436,0.3944102401123213,244,0.9959183673469387,0.1306122448979592,0,7,12,0.0,0.9146341463414634,0.08536585365853659,0.9105691056910569,0.10287902565335631,0.032520325203252036,0.967479674796748,0.0040650406504065045,14,12,16.307692307692307,11.0,14.133346358521779,2.0,50.0,569.6138211382114,2039.5566714133088,123,0,1,0,0,0,1,0,0,1,0,0,1,0.0,,,,,,,,,,,,,,,,,,,,,,,,,,,,,,,,,,,,,,,,,,,
cs2g8i2bgh2nc7i5eiq23jp9lv_0,advanced_bot,external_phase2,2,284,19,19,24,260,0,0.08450704225352113,0.9154929577464789,2,284,0,0,0,0.0,251.0,0.8869257950530035,1.0,0.3276515938184772,0.0,2.0,1.1314741035856575,-0.4604681483113839,0.3694239085682432,282,0.9964664310954063,0.1166077738515901,0,7,10,0.0,0.9330985915492958,0.06690140845070422,0.9154929577464789,0.09244115700094616,0.028169014084507043,0.971830985915493,0.0035211267605633804,16,10,16.6,19.0,9.991996797437437,3.0,39.0,459.73943661971833,705.0462693794499,123,0,1,0,0,0,1,0,0,1,0,0,1,0.0,,,,,,,,,,,,,,,,,,,,,,,,,,,,,,,,,,,,,,,,,,,
d30cg3kv9lg5tfrldsqj031l1k_0,advanced_bot,external_phase2,2,254,21,21,26,228,0,0.10236220472440945,0.8976377952755905,2,254,0,0,0,0.0,217.0,0.857707509881423,1.0,0.36048644317692813,0.0,2.0,1.1705069124423964,-0.40816248139813094,0.42029064573162583,252,0.9960474308300395,0.14624505928853754,0,7,14,0.0,0.9173228346456693,0.08267716535433071,0.8976377952755905,0.1129683407181215,0.027559055118110236,0.9724409448818898,0.003937007874015748,19,13,11.88888888888889,8.5,12.692468847001312,2.0,49.0,448.26377952755905,476.4885227475313,123,0,1,0,0,0,1,0,0,1,0,0,1,0.0,,,,,,,,,,,,,,,,,,,,,,,,,,,,,,,,,,,,,,,,,,,
0oi4fvkqd1acu5g08vep8eefqg_0,moderate_bot,external_phase2,2,141,18,18,19,122,0,0.1347517730496454,0.8652482269503546,2,141,0,0,0,0.0,116.0,0.8285714285714286,1.0,0.3953815000885157,0.0,2.0,1.2155172413793103,-0.35392695122450074,0.4771845690723465,139,0.9928571428571429,0.17857142857142858,0,7,10,0.0,0.8723404255319149,0.1276595744680851,0.8652482269503546,0.15608464878023864,0.04964539007092199,0.950354609929078,0.0070921985815602835,12,10,10.181818181818182,5.0,8.819587516825385,3.0,28.0,487.9645390070922,572.400772302579,123,0,1,0,0,0,1,0,0,1,0,0,1,0.0,,,,,,,,,,,,,,,,,,,,,,,,,,,,,,,,,,,,,,,,,,,
124nsuu4makfggp1h3ametehri_0,moderate_bot,external_phase2,2,114,16,16,16,98,0,0.14035087719298245,0.8596491228070176,2,114,0,0,0,0.0,96.0,0.8495575221238938,1.0,0.3575045995880382,0.0,1.0,1.1875,-0.4076450695329541,0.42081270576508667,113,1.0,0.1504424778761062,0,7,8,0.0,0.8596491228070176,0.14035087719298245,0.8596491228070176,0.1652326668596389,0.06140350877192982,0.9385964912280702,0.008771929824561403,9,8,10.5,12.0,8.246211251235321,0.0,19.0,466.17543859649123,490.71650524467225,123,0,1,0,0,0,1,0,0,1,0,0,1,0.0,,,,,,,,,,,,,,,,,,,,,,,,,,,,,,,,,,,,,,,,,,,
1m7s5287lpll34gm0amdciqvb5_0,moderate_bot,external_phase2,2,62,14,14,18,44,0,0.2903225806451613,0.7096774193548387,2,62,0,0,0,0.0,38.0,0.6229508196721312,1.0,0.4846473934129339,0.0,1.0,1.631578947368421,-0.12486786690813792,0.7779866052154991,61,1.0,0.3770491803278688,0,7,7,0.0,0.7741935483870968,0.22580645161290322,0.7096774193548387,0.3201599244130459,0.11290322580645161,0.8870967741935484,0.016129032258064516,11,6,3.1,3.0,1.2206555615733703,1.0,6.0,694.7258064516129,776.5938692271037,123,0,1,0,0,0,1,0,0,1,0,0,1,0.0,,,,,,,,,,,,,,,,,,,,,,,,,,,,,,,,,,,,,,,,,,,
7e7nf7k4fcjagt3nasaihu4scq_0,moderate_bot,external_phase2,2,52,15,15,16,36,0,0.3076923076923077,0.6923076923076923,2,52,0,0,0,0.0,32.0,0.6274509803921569,1.0,0.48348345121325303,0.0,1.0,1.625,-0.1295913827883222,0.770551750371122,51,1.0,0.37254901960784315,0,7,8,0.0,0.7115384615384616,0.28846153846153844,0.6923076923076923,0.3586280875069583,0.1346153846153846,0.8653846153846154,0.019230769230769232,9,7,3.0,3.0,0.8660254037844386,2.0,4.0,734.5,865.8360677136557,123,0,1,0,0,0,1,0,0,1,0,0,1,0.0,,,,,,,,,,,,,,,,,,,,,,,,,,,,,,,,,,,,,,,,,,,
1onh1ot5pr6j6g739m8cp5dfj0_0,moderate_bot,external_phase2,2,159,18,18,20,139,0,0.12578616352201258,0.8742138364779874,2,159,0,0,0,0.0,132.0,0.8354430379746836,1.0,0.37078021559181795,0.0,1.0,1.2045454545454546,-0.38522124408476904,0.4438126822992972,158,1.0,0.16455696202531644,0,7,10,0.0,0.8867924528301887,0.11320754716981132,0.8742138364779874,0.14316140510433117,0.0440251572327044,0.9559748427672956,0.006289308176100629,13,10,10.416666666666666,3.5,10.704036102745958,0.0,28.0,491.2327044025157,589.1520737249825,123,0,1,0,0,0,1,0,0,1,0,0,1,0.0,,,,,,,,,,,,,,,,,,,,,,,,,,,,,,,,,,,,,,,,,,,
27479tfiqfgi99u7r4vq0q33db_0,moderate_bot,external_phase2,2,232,21,21,27,205,0,0.11637931034482758,0.8836206896551724,2,232,0,0,0,0.0,195.0,0.8441558441558441,1.0,0.36270753360438807,0.0,1.0,1.1897435897435897,-0.3989252797155516,0.4296689244236597,231,1.0,0.15584415584415584,0,7,14,0.0,0.9094827586206896,0.09051724137931035,0.8836206896551724,0.12679209472414632,0.03017241379310345,0.9698275862068966,0.004310344827586207,20,13,10.0,11.0,8.510055971119048,0.0,27.0,497.5,602.8057244082129,123,0,1,0,0,0,1,0,0,1,0,0,1,0.0,,,,,,,,,,,,,,,,,,,,,,,,,,,,,,,,,,,,,,,,,,,
2vhdk7kkt7dtos2hn1fnlkf9ee_0,moderate_bot,external_phase2,2,123,19,19,20,103,0,0.16260162601626016,0.8373983739837398,2,123,0,0,0,0.0,98.0,0.8032786885245902,1.0,0.417630793536295,0.0,2.0,1.2551020408163265,-0.31586935858449117,0.5199077225655917,121,0.9918032786885246,0.20491803278688525,0,7,11,0.0,0.8455284552845528,0.15447154471544716,0.8373983739837398,0.1879135021269988,0.056910569105691054,0.943089430894309,0.008130081300813009,13,11,7.666666666666667,3.5,8.096638534327413,0.0,24.0,540.2032520325204,645.3976521651738,123,0,1,0,0,0,1,0,0,1,0,0,1,0.0,,,,,,,,,,,,,,,,,,,,,,,,,,,,,,,,,,,,,,,,,,,
30jcp3kes0o21ej00145hji0gi_0,moderate_bot,external_phase2,2,124,18,18,21,103,0,0.1693548387096774,0.8306451612903226,2,124,0,0,0,0.0,97.0,0.7886178861788617,1.0,0.4082887651866576,0.0,1.0,1.2783505154639174,-0.3177600530152428,0.5177269909067926,123,1.0,0.21138211382113822,0,7,11,0.0,0.8548387096774194,0.14516129032258066,0.8306451612903226,0.19205251230682982,0.056451612903225805,0.9435483870967742,0.008064516129032258,14,10,7.076923076923077,4.0,8.147312331367447,1.0,26.0,541.9112903225806,631.6807969436521,123,0,1,0,0,0,1,0,0,1,0,0,1,0.0,,,,,,,,,,,,,,,,,,,,,,,,,,,,,,,,,,,,,,,,,,,
37f112qml42d33pentjpilckno_0,moderate_bot,external_phase2,2,168,19,19,20,148,0,0.11904761904761904,0.8809523809523809,2,168,0,0,0,0.0,142.0,0.8502994011976048,1.0,0.3731841066079732,0.0,2.0,1.1830985915492958,-0.38996463094576456,0.43888553382768675,166,0.9940119760479041,0.15568862275449102,0,7,11,0.0,0.8869047619047619,0.1130952380952381,0.8809523809523809,0.13701108261980827,0.041666666666666664,0.9583333333333334,0.005952380952380952,13,11,11.166666666666666,11.0,7.536946036396676,0.0,25.0,495.0357142857143,615.0639135668007,123,0,1,0,0,0,1,0,0,1,0,0,1,0.0,,,,,,,,,,,,,,,,,,,,,,,,,,,,,,,,,,,,,,,,,,,
3e1l4pk01sc0ailn31s1mk5482_0,moderate_bot,external_phase2,2,163,17,17,19,144,0,0.1165644171779141,0.8834355828220859,2,163,0,0,0,0.0,138.0,0.8518518518518519,1.0,0.37221761559707,0.0,2.0,1.181159420289855,-0.39183579772999777,0.4369511139617778,161,0.9938271604938271,0.15432098765432098,0,7,10,0.0,0.8957055214723927,0.10429447852760736,0.8834355828220859,0.13138076506941326,0.04294478527607362,0.9570552147239264,0.006134969325153374,12,9,12.090909090909092,4.0,16.571906926288044,0.0,56.0,459.7546012269939,494.985952481154,123,0,1,0,0,0,1,0,0,1,0,0,1,0.0,,,,,,,,,,,,,,,,,,,,,,,,,,,,,,,,,,,,,,,,,,,
3p8qp6np717jbhmhu8329s9nb6_0,moderate_bot,external_phase2,2,126,19,19,19,107,0,0.15079365079365079,0.8492063492063492,2,126,0,0,0,0.0,103.0,0.824,1.0,0.38082016753318093,0.0,1.0,1.2233009708737863,-0.3678389890951205,0.46216039749172444,125,1.0,0.176,0,6,11,0.0,0.8492063492063492,0.15079365079365079,0.8492063492063492,0.1772195401886356,0.05555555555555555,0.9444444444444444,0.007936507936507936,12,11,8.909090909090908,3.0,10.612638652736356,1.0,28.0,533.2142857142857,650.4162965697719,123,0,1,0,0,0,1,0,0,1,0,0,1,0.0,,,,,,,,,,,,,,,,,,,,,,,,,,,,,,,,,,,,,,,,,,,
3r9cb69qg00fac5os9au9a745h_0,moderate_bot,external_phase2,2,91,17,17,18,73,0,0.1978021978021978,0.8021978021978022,2,91,0,0,0,0.0,68.0,0.7555555555555555,1.0,0.454877544232416,0.0,2.0,1.338235294117647,-0.24840531159946677,0.6020438085429035,89,0.9888888888888889,0.25555555555555554,0,6,9,0.0,0.8131868131868132,0.18681318681318682,0.8021978021978022,0.2302431195145048,0.07692307692307693,0.9230769230769231,0.01098901098901099,11,9,6.2,3.5,7.277362159464101,0.0,23.0,611.5054945054945,786.3583107127141,123,0,1,0,0,0,1,0,0,1,0,0,1,0.0,,,,,,,,,,,,,,,,,,,,,,,,,,,,,,,,,,,,,,,,,,,
49smdeovekeq8fgrnfejp533r3_0,moderate_bot,external_phase2,2,103,16,16,16,87,0,0.1553398058252427,0.8446601941747572,2,103,0,0,0,0.0,83.0,0.8137254901960784,1.0,0.38932803238558394,0.0,1.0,1.2409638554216869,-0.3527668967709512,0.4784513169075851,102,1.0,0.18627450980392157,0,6,8,0.0,0.8446601941747574,0.1553398058252427,0.8446601941747572,0.18320272947178376,0.06796116504854369,0.9320388349514563,0.009708737864077669,9,8,9.0,11.0,4.898979485566356,1.0,14.0,513.8349514563107,626.9314868977573,123,0,1,0,0,0,1,0,0,1,0,0,1,0.0,,,,,,,,,,,,,,,,,,,,,,,,,,,,,,,,,,,,,,,,,,,
4fo576p1kf4i1frb6s4c07q3pp_0,moderate_bot,external_phase2,2,157,19,19,22,135,0,0.14012738853503184,0.8598726114649682,2,157,0,0,0,0.0,126.0,0.8076923076923077,1.0,0.3941134909984461,0.0,1.0,1.246031746031746,-0.3441311542550502,0.4879500364742666,156,1.0,0.19230769230769232,0,7,10,0.0,0.8789808917197452,0.12101910828025478,0.8598726114649682,0.1581572593902633,0.050955414012738856,0.9490445859872612,0.006369426751592357,14,10,9.0,7.0,7.932406754767239,0.0,21.0,716.71974522293,2548.554569318624,123,0,1,0,0,0,1,0,0,1,0,0,1,0.0,,,,,,,,,,,,,,,,,,,,,,,,,,,,,,,,,,,,,,,,,,,
4h1710vfqecf0h4r5ns5tkv72t_0,moderate_bot,external_phase2,2,77,16,16,16,61,0,0.2077922077922078,0.7922077922077922,2,77,0,0,0,0.0,58.0,0.7631578947368421,1.0,0.4251445900369346,0.0,1.0,1.3275862068965518,-0.2844505578596487,0.5570860145311557,76,1.0,0.23684210526315788,0,6,8,0.0,0.7922077922077921,0.2077922077922078,0.7922077922077922,0.24612872520065546,0.09090909090909091,0.9090909090909091,0.012987012987012988,9,8,6.625,4.0,6.362733296312206,1.0,18.0,556.6233766233767,622.1678906282917,123,0,1,0,0,0,1,0,0,1,0,0,1,0.0,,,,,,,,,,,,,,,,,,,,,,,,,,,,,,,,,,,,,,,,,,,
4siqhlcume2me7ialjagodfeaa_0,moderate_bot,external_phase2,2,150,16,16,20,130,0,0.13333333333333333,0.8666666666666667,2,150,0,0,0,0.0,124.0,0.8322147651006712,1.0,0.40801836653880974,0.0,2.0,1.2096774193548387,-0.3420295650392039,0.4902801339861504,147,0.9865771812080537,0.18120805369127516,0,7,9,0.0,0.8933333333333333,0.10666666666666667,0.8666666666666667,0.14701801654930108,0.04666666666666667,0.9533333333333334,0.006666666666666667,13,8,9.583333333333334,7.5,8.63576220659699,0.0,23.0,485.2133333333333,569.3618484662358,123,0,1,0,0,0,1,0,0,1,0,0,1,0.0,,,,,,,,,,,,,,,,,,,,,,,,,,,,,,,,,,,,,,,,,,,
55vbvsikr2l9bfeklmh8cumi5k_0,moderate_bot,external_phase2,2,107,17,17,21,86,0,0.19626168224299065,0.8037383177570093,2,107,0,0,0,0.0,80.0,0.7547169811320755,1.0,0.4302548773959011,0.0,1.0,1.3375,-0.2738141850383141,0.5700877125495689,106,1.0,0.24528301886792453,0,7,10,0.0,0.8411214953271028,0.1588785046728972,0.8037383177570093,0.2161587692768129,0.06542056074766354,0.9345794392523364,0.009345794392523364,14,9,5.846153846153846,6.0,4.035346784185847,0.0,13.0,571.0654205607476,695.1302341641617,123,0,1,0,0,0,1,0,0,1,0,0,1,0.0,,,,,,,,,,,,,,,,,,,,,,,,,,,,,,,,,,,,,,,,,,,
5764gbg3t8mtql9553lu8kf2gi_0,moderate_bot,external_phase2,2,200,20,20,27,173,0,0.135,0.865,2,200,0,0,0,0.0,165.0,0.8291457286432161,1.0,0.40219844831685914,0.0,2.0,1.2121212121212122,-0.34673269124510603,0.4850757043336664,197,0.9899497487437185,0.18090452261306533,0,7,13,0.0,0.9,0.1,0.865,0.14672953447722578,0.035,0.965,0.005,20,12,8.31578947368421,5.0,8.013492776685734,1.0,27.0,508.585,592.3197555163935,123,0,1,0,0,0,1,0,0,1,0,0,1,0.0,,,,,,,,,,,,,,,,,,,,,,,,,,,,,,,,,,,,,,,,,,,
5ee4b4pb3sfijdhpp5hcdvlctl_0,moderate_bot,external_phase2,2,124,16,16,20,104,0,0.16129032258064516,0.8387096774193549,2,124,0,0,0,0.0,100.0,0.8130081300813008,1.0,0.3899050018953431,0.0,1.0,1.24,-0.351732071866826,0.479583152331272,123,1.0,0.18699186991869918,0,7,8,0.0,0.8709677419354839,0.12903225806451613,0.8387096774193549,0.17854714682104286,0.06451612903225806,0.935483870967742,0.008064516129032258,12,7,8.363636363636363,3.0,9.422147287329583,0.0,27.0,743.5725806451613,2818.5605173374115,123,0,1,0,0,0,1,0,0,1,0,0,1,0.0,,,,,,,,,,,,,,,,,,,,,,,,,,,,,,,,,,,,,,,,,,,
5f7no8vabec3n4d414fgkvsql1_0,moderate_bot,external_phase2,2,105,16,16,18,87,0,0.17142857142857143,0.8285714285714286,2,105,0,0,0,0.0,82.0,0.7884615384615384,1.0,0.4083992419537558,0.0,1.0,1.2804878048780488,-0.3175492945603132,0.5179697702828123,104,1.0,0.21153846153846154,0,7,9,0.0,0.8476190476190476,0.1523809523809524,0.8285714285714286,0.19639790658433645,0.06666666666666667,0.9333333333333333,0.009523809523809525,11,8,7.6,4.5,6.696267617113282,0.0,19.0,539.2190476190476,641.9313712161713,123,0,1,0,0,0,1,0,0,1,0,0,1,0.0,,,,,,,,,,,,,,,,,,,,,,,,,,,,,,,,,,,,,,,,,,,
5n0umenmhi0prg00139sh2111v_0,moderate_bot,external_phase2,2,88,18,18,20,68,0,0.22727272727272727,0.7727272727272727,2,88,0,0,0,0.0,61.0,0.7011494252873564,1.0,0.4577542011894224,0.0,1.0,1.4426229508196722,-0.21002197122972843,0.6528625492373729,87,1.0,0.2988505747126437,0,7,10,0.0,0.7954545454545454,0.20454545454545456,0.7727272727272727,0.2612151255598318,0.07954545454545454,0.9204545454545454,0.011363636363636364,13,10,4.75,3.5,4.064582799419066,1.0,14.0,632.0795454545455,751.009838659541,123,0,1,0,0,0,1,0,0,1,0,0,1,0.0,,,,,,,,,,,,,,,,,,,,,,,,,,,,,,,,,,,,,,,,,,,
62fp2u5etekvin0lrlmmq7ras2_0,moderate_bot,external_phase2,2,191,21,21,26,165,0,0.13612565445026178,0.8638743455497382,2,191,0,0,0,0.0,156.0,0.8210526315789474,1.0,0.39680161736780556,0.0,2.0,1.2243589743589745,-0.3483594318269615,0.4832840211530965,189,0.9947368421052631,0.18421052631578946,0,7,14,0.0,0.8900523560209423,0.1099476439790576,0.8638743455497382,0.14999828464026171,0.03664921465968586,0.9633507853403142,0.005235602094240838,19,13,8.333333333333334,4.0,7.738791177495933,1.0,21.0,536.0942408376964,675.356063945674,123,0,1,0,0,0,1,0,0,1,0,0,1,0.0,,,,,,,,,,,,,,,,,,,,,,,,,,,,,,,,,,,,,,,,,,,
7ijkbba54hddp8bflnqkq3ttkv_0,moderate_bot,external_phase2,2,159,16,16,20,139,0,0.12578616352201258,0.8742138364779874,2,159,0,0,0,0.0,133.0,0.8417721518987342,1.0,0.3649545124895821,0.0,1.0,1.1954887218045114,-0.3951330930860375,0.43355498476205995,158,1.0,0.15822784810126583,0,7,8,0.0,0.89937106918239,0.10062893081761007,0.8742138364779874,0.13800121735247664,0.0440251572327044,0.9559748427672956,0.006289308176100629,13,8,10.666666666666666,5.5,9.826268648655782,0.0,26.0,541.8867924528302,760.8856308006441,123,0,1,0,0,0,1,0,0,1,0,0,1,0.0,,,,,,,,,,,,,,,,,,,,,,,,,,,,,,,,,,,,,,,,,,,
6g7u329js521monmac550kdf1k_0,moderate_bot,external_phase2,2,177,23,23,27,150,0,0.15254237288135594,0.847457627118644,2,177,0,0,0,0.0,143.0,0.8125,1.0,0.40460769439499833,0.0,2.0,1.2377622377622377,-0.3351324681319654,0.4979787007938441,175,0.9943181818181818,0.19318181818181818,0,6,16,0.0,0.8700564971751412,0.12994350282485875,0.847457627118644,0.17207535025854837,0.03954802259887006,0.96045197740113,0.005649717514124294,20,15,7.052631578947368,5.0,6.03911534311308,0.0,22.0,540.7796610169491,649.5907551611596,123,0,1,0,0,0,1,0,0,1,0,0,1,0.0,,,,,,,,,,,,,,,,,,,,,,,,,,,,,,,,,,,,,,,,,,,
6mihesnd25t81o8q64jlaod935_0,moderate_bot,external_phase2,2,223,21,21,23,200,0,0.1031390134529148,0.8968609865470852,2,223,0,0,0,0.0,195.0,0.8783783783783784,1.0,0.3533381111538448,0.0,2.0,1.1435897435897435,-0.42626714157568146,0.4022618496213002,220,0.990990990990991,0.13063063063063063,0,7,14,0.0,0.905829596412556,0.09417040358744394,0.8968609865470852,0.11774509078726574,0.03139013452914798,0.968609865470852,0.004484304932735426,16,13,12.466666666666667,6.0,9.735616170650022,3.0,26.0,451.80269058295966,495.86115389184215,123,0,1,0,0,0,1,0,0,1,0,0,1,0.0,,,,,,,,,,,,,,,,,,,,,,,,,,,,,,,,,,,,,,,,,,,
6ogn97v63ghf0kg1eidoro9533_0,moderate_bot,external_phase2,2,168,20,20,24,144,0,0.14285714285714285,0.8571428571428571,2,168,0,0,0,0.0,137.0,0.8203592814371258,1.0,0.39918163622751995,0.0,2.0,1.2262773722627738,-0.34535753504370975,0.4865936733576338,166,0.9940119760479041,0.18562874251497005,0,6,13,0.0,0.8809523809523809,0.11904761904761904,0.8571428571428571,0.1605915363375235,0.041666666666666664,0.9583333333333334,0.005952380952380952,17,12,8.0,4.0,8.374067112222113,1.0,25.0,559.8869047619048,749.8076215619072,123,0,1,0,0,0,1,0,0,1,0,0,1,0.0,,,,,,,,,,,,,,,,,,,,,,,,,,,,,,,,,,,,,,,,,,,
7jtk8r1ak181fhbf582hjhvbdq_0,moderate_bot,external_phase2,2,151,19,19,23,128,0,0.152317880794702,0.847682119205298,2,151,0,0,0,0.0,119.0,0.7933333333333333,1.0,0.4049142570416057,0.0,1.0,1.26890756302521,-0.32415594190361685,0.5103961223213518,150,1.0,0.20666666666666667,0,7,11,0.0,0.8741721854304636,0.12582781456953643,0.847682119205298,0.17039741887366036,0.046357615894039736,0.9536423841059603,0.006622516556291391,16,11,7.4,4.0,7.328483244619358,1.0,24.0,527.9735099337748,621.0899620989948,123,0,1,0,0,0,1,0,0,1,0,0,1,0.0,,,,,,,,,,,,,,,,,,,,,,,,,,,,,,,,,,,,,,,,,,,
720ua9gtve32n6s1glmvebjltk_0,moderate_bot,external_phase2,2,192,19,19,24,168,0,0.125,0.875,2,192,0,0,0,0.0,160.0,0.837696335078534,1.0,0.3687291489352672,0.0,1.0,1.2,-0.3887245357110692,0.44017042154147523,191,1.0,0.16230366492146597,0,7,11,0.0,0.9010416666666666,0.09895833333333333,0.875,0.1379468051700177,0.036458333333333336,0.9635416666666666,0.005208333333333333,17,11,9.375,5.0,7.210019070709869,1.0,20.0,464.765625,480.1294012486211,123,0,1,0,0,0,1,0,0,1,0,0,1,0.0,,,,,,,,,,,,,,,,,,,,,,,,,,,,,,,,,,,,,,,,,,,
